Order_ID,Order_Date,Customer_ID,Item_Name,Quantity,Price,Location,Payment_Mode
ORD0001,2026-03-23 20:01:00,CUST032,Momos,3,70,Boys Hostel,UPI
ORD0002,2026-04-05 20:43:00,CUST076,Momos,1,70,Library Area,UPI
ORD0003,2026-01-04 20:13:00,CUST072,Cold Coffee,1,70,Boys Hostel,Card
ORD0004,2026-03-25 01:14:00,CUST104,Veg Burger,3,75,Girls Hostel,UPI
ORD0005,2026-03-31 01:21:00,CUST028,Tea,2,15,Main Gate,UPI
ORD0006,2026-01-12 01:06:00,CUST078,Coffee,3,25,Main Gate,UPI
ORD0007,2026-04-04 02:34:00,CUST011,Veg Sandwich,4,60,Sports Complex,Cash
ORD0008,2026-04-17 00:36:00,CUST006,Cold Coffee,1,70,Boys Hostel,Cash
ORD0009,2026-01-11 22:55:00,CUST036,Veg Sandwich,4,60,Library Area,Card
ORD0010,2026-04-17 00:10:00,CUST027,Coffee,3,25,Main Gate,Card
ORD0011,2026-04-30 20:38:00,CUST069,Masala Dosa,2,80,Boys Hostel,UPI
ORD0012,2026-03-01 01:17:00,CUST088,Spring Roll,2,90,Main Gate,UPI
ORD0013,2026-01-30 19:51:00,CUST035,Coffee,4,25,Girls Hostel,UPI
ORD0014,2026-04-27 00:13:00,CUST051,Masala Dosa,4,80,Library Area,UPI
ORD0015,2026-02-03 21:15:00,CUST096,Momos,3,70,Sports Complex,Cash
ORD0016,2026-04-25 01:23:00,CUST066,Cold Coffee,2,70,Library Area,UPI
ORD0017,2026-04-07 19:55:00,CUST081,Veg Sandwich,2,60,Boys Hostel,Card
ORD0018,2026-02-24 20:24:00,CUST068,French Fries,4,90,Main Gate,Card
ORD0019,2026-04-21 19:43:00,CUST088,Momos,1,70,Sports Complex,Cash
ORD0020,2026-04-09 00:07:00,CUST021,Tea,4,15,Library Area,UPI
ORD0021,2026-04-03 23:32:00,CUST065,Pizza Slice,2,120,Girls Hostel,Card
ORD0022,2026-02-08 22:09:00,CUST070,Coffee,2,25,Sports Complex,UPI
ORD0023,2026-03-18 00:31:00,CUST119,Maggi,1,40,Main Gate,Cash
ORD0024,2026-01-31 19:15:00,CUST011,Spring Roll,1,90,Library Area,UPI
ORD0025,2026-04-08 21:08:00,CUST071,Masala Dosa,4,80,Boys Hostel,Cash
ORD0026,2026-03-09 01:13:00,CUST092,Spring Roll,2,90,Main Gate,Cash
ORD0027,2026-03-27 00:28:00,CUST016,Spring Roll,4,90,Boys Hostel,UPI
ORD0028,2026-01-09 00:01:00,CUST076,Aloo Paratha,2,50,Boys Hostel,UPI
ORD0029,2026-01-10 19:14:00,CUST111,Veg Sandwich,1,60,Main Gate,UPI
ORD0030,2026-03-07 22:17:00,CUST028,Masala Dosa,4,80,Sports Complex,UPI
ORD0031,2026-04-03 02:15:00,CUST104,Pizza Slice,4,120,Library Area,UPI
ORD0032,2026-01-13 20:42:00,CUST055,French Fries,3,90,Library Area,Cash
ORD0033,2026-04-21 19:43:00,CUST008,Masala Dosa,1,80,Library Area,Card
ORD0034,2026-02-13 20:15:00,CUST069,Cold Coffee,2,70,Library Area,UPI
ORD0035,2026-02-24 21:17:00,CUST112,Veg Burger,2,75,Girls Hostel,Cash
ORD0036,2026-04-14 20:03:00,CUST012,Masala Dosa,1,80,Boys Hostel,UPI
ORD0037,2026-02-22 02:30:00,CUST116,Cold Coffee,4,70,Girls Hostel,UPI
ORD0038,2026-02-18 19:24:00,CUST037,Tea,4,15,Library Area,Card
ORD0039,2026-04-04 02:09:00,CUST028,Cold Coffee,3,70,Girls Hostel,Card
ORD0040,2026-04-05 19:47:00,CUST007,Coffee,1,25,Sports Complex,Cash
ORD0041,2026-03-06 21:03:00,CUST109,Paneer Roll,1,100,Boys Hostel,UPI
ORD0042,2026-03-18 20:43:00,CUST052,Pasta,2,110,Girls Hostel,Card
ORD0043,2026-02-01 19:39:00,CUST085,Veg Sandwich,4,60,Sports Complex,Card
ORD0044,2026-03-08 00:59:00,CUST086,Tea,2,15,Main Gate,UPI
ORD0045,2026-02-03 01:08:00,CUST059,Masala Dosa,3,80,Main Gate,UPI
ORD0046,2026-01-02 02:39:00,CUST010,Aloo Paratha,1,50,Sports Complex,UPI
ORD0047,2026-03-06 23:08:00,CUST113,Spring Roll,3,90,Girls Hostel,UPI
ORD0048,2026-02-17 23:10:00,CUST079,Veg Burger,3,75,Sports Complex,UPI
ORD0049,2026-03-27 23:59:00,CUST113,Masala Dosa,1,80,Boys Hostel,Cash
ORD0050,2026-01-15 20:47:00,CUST035,Paneer Roll,2,100,Main Gate,Card
ORD0051,2026-01-27 00:13:00,CUST065,Masala Dosa,3,80,Library Area,Cash
ORD0052,2026-04-26 19:05:00,CUST107,Masala Dosa,4,80,Main Gate,UPI
ORD0053,2026-01-01 00:49:00,CUST021,Cheese Sandwich,3,80,Library Area,Card
ORD0054,2026-04-01 01:35:00,CUST010,Maggi,1,40,Boys Hostel,Card
ORD0055,2026-01-05 00:37:00,CUST056,Paneer Roll,2,100,Boys Hostel,UPI
ORD0056,2026-02-09 00:57:00,CUST116,Spring Roll,1,90,Main Gate,UPI
ORD0057,2026-03-29 22:42:00,CUST100,Veg Sandwich,3,60,Sports Complex,Cash
ORD0058,2026-03-21 21:59:00,CUST111,Spring Roll,2,90,Boys Hostel,UPI
ORD0059,2026-04-23 01:01:00,CUST101,Cheese Sandwich,3,80,Library Area,Card
ORD0060,2026-04-21 22:17:00,CUST049,Cheese Sandwich,1,80,Girls Hostel,Cash
ORD0061,2026-01-29 22:52:00,CUST045,Spring Roll,4,90,Main Gate,UPI
ORD0062,2026-01-29 19:42:00,CUST043,Cold Coffee,4,70,Main Gate,UPI
ORD0063,2026-04-09 23:22:00,CUST087,Masala Dosa,4,80,Sports Complex,Cash
ORD0064,2026-05-01 19:07:00,CUST023,Spring Roll,3,90,Sports Complex,Cash
ORD0065,2026-01-05 20:38:00,CUST094,French Fries,3,90,Main Gate,Cash
ORD0066,2026-03-19 20:24:00,CUST033,Spring Roll,2,90,Girls Hostel,Card
ORD0067,2026-02-25 19:33:00,CUST047,Spring Roll,2,90,Library Area,UPI
ORD0068,2026-03-27 00:39:00,CUST093,Coffee,1,25,Main Gate,Card
ORD0069,2026-02-09 01:20:00,CUST071,French Fries,3,90,Boys Hostel,UPI
ORD0070,2026-02-23 01:43:00,CUST079,Momos,2,70,Sports Complex,Cash
ORD0071,2026-02-21 19:19:00,CUST056,Tea,2,15,Sports Complex,Card
ORD0072,2026-03-25 00:29:00,CUST087,Veg Burger,4,75,Boys Hostel,Card
ORD0073,2026-03-02 21:42:00,CUST066,Veg Sandwich,3,60,Sports Complex,Cash
ORD0074,2026-01-12 22:43:00,CUST104,Tea,2,15,Boys Hostel,UPI
ORD0075,2026-01-04 19:15:00,CUST059,Veg Burger,1,75,Library Area,Card
ORD0076,2026-03-15 22:45:00,CUST064,Momos,4,70,Library Area,UPI
ORD0077,2026-01-19 19:57:00,CUST100,Pizza Slice,1,120,Library Area,UPI
ORD0078,2026-01-23 02:03:00,CUST118,Paneer Roll,2,100,Girls Hostel,Cash
ORD0079,2026-01-18 02:42:00,CUST097,Paneer Roll,3,100,Library Area,Card
ORD0080,2026-04-15 01:53:00,CUST115,Spring Roll,4,90,Boys Hostel,Card
ORD0081,2026-04-21 02:28:00,CUST108,Tea,2,15,Main Gate,Card
ORD0082,2026-03-04 22:17:00,CUST092,Veg Burger,1,75,Main Gate,UPI
ORD0083,2026-02-04 00:20:00,CUST018,Spring Roll,1,90,Boys Hostel,UPI
ORD0084,2026-02-19 21:45:00,CUST054,Cold Coffee,1,70,Library Area,Cash
ORD0085,2026-03-11 02:26:00,CUST107,Maggi,2,40,Library Area,Cash
ORD0086,2026-04-26 19:54:00,CUST062,Spring Roll,4,90,Girls Hostel,Cash
ORD0087,2026-02-08 01:54:00,CUST069,Spring Roll,4,90,Sports Complex,Card
ORD0088,2026-04-25 22:31:00,CUST056,Cold Coffee,3,70,Library Area,UPI
ORD0089,2026-02-19 00:42:00,CUST093,Masala Dosa,4,80,Boys Hostel,Cash
ORD0090,2026-04-28 21:39:00,CUST117,Paneer Roll,1,100,Library Area,Card
ORD0091,2026-03-14 19:05:00,CUST018,Masala Dosa,4,80,Library Area,UPI
ORD0092,2026-01-07 23:24:00,CUST059,Coffee,2,25,Main Gate,Cash
ORD0093,2026-04-08 01:17:00,CUST033,Pizza Slice,4,120,Girls Hostel,Cash
ORD0094,2026-01-03 19:22:00,CUST100,Cold Coffee,1,70,Girls Hostel,UPI
ORD0095,2026-02-01 22:53:00,CUST031,Maggi,2,40,Boys Hostel,Cash
ORD0096,2026-03-27 20:36:00,CUST090,Cold Coffee,4,70,Main Gate,Cash
ORD0097,2026-01-22 20:49:00,CUST040,Pasta,2,110,Girls Hostel,Card
ORD0098,2026-01-04 23:36:00,CUST051,Masala Dosa,4,80,Boys Hostel,UPI
ORD0099,2026-03-17 22:06:00,CUST109,Momos,3,70,Sports Complex,UPI
ORD0100,2026-04-12 19:22:00,CUST085,Paneer Roll,4,100,Main Gate,UPI
ORD0101,2026-03-06 00:00:00,CUST106,Pasta,4,110,Library Area,UPI
ORD0102,2026-02-25 00:40:00,CUST091,Spring Roll,4,90,Boys Hostel,Cash
ORD0103,2026-01-23 23:39:00,CUST060,Pizza Slice,4,120,Library Area,Card
ORD0104,2026-03-17 23:20:00,CUST107,Pasta,2,110,Girls Hostel,Cash
ORD0105,2026-04-23 02:15:00,CUST073,Pizza Slice,4,120,Sports Complex,Card
ORD0106,2026-02-18 00:01:00,CUST024,Veg Burger,3,75,Library Area,UPI
ORD0107,2026-02-15 23:21:00,CUST072,Tea,3,15,Girls Hostel,Card
ORD0108,2026-01-25 20:15:00,CUST063,Momos,4,70,Sports Complex,UPI
ORD0109,2026-03-30 02:41:00,CUST058,Momos,4,70,Girls Hostel,UPI
ORD0110,2026-02-07 22:25:00,CUST040,Momos,2,70,Sports Complex,Cash
ORD0111,2026-03-02 00:27:00,CUST046,Momos,3,70,Library Area,Cash
ORD0112,2026-02-09 23:14:00,CUST041,Veg Sandwich,2,60,Girls Hostel,Card
ORD0113,2026-03-10 21:12:00,CUST036,Cold Coffee,4,70,Sports Complex,Card
ORD0114,2026-03-18 23:06:00,CUST038,Pasta,2,110,Boys Hostel,Cash
ORD0115,2026-01-23 23:00:00,CUST036,Momos,2,70,Girls Hostel,UPI
ORD0116,2026-03-12 23:44:00,CUST014,Cheese Sandwich,4,80,Girls Hostel,Card
ORD0117,2026-02-06 02:30:00,CUST024,Veg Burger,3,75,Girls Hostel,Cash
ORD0118,2026-05-01 02:07:00,CUST052,Pasta,1,110,Library Area,UPI
ORD0119,2026-03-15 19:09:00,CUST011,Cheese Sandwich,3,80,Boys Hostel,UPI
ORD0120,2026-03-13 01:38:00,CUST100,Aloo Paratha,2,50,Sports Complex,Cash
ORD0121,2026-02-27 02:19:00,CUST040,Pasta,4,110,Sports Complex,Card
ORD0122,2026-01-08 20:48:00,CUST034,Cold Coffee,2,70,Girls Hostel,UPI
ORD0123,2026-01-31 21:35:00,CUST001,Veg Sandwich,2,60,Library Area,Cash
ORD0124,2026-03-30 02:18:00,CUST037,Maggi,2,40,Main Gate,Card
ORD0125,2026-04-21 02:04:00,CUST119,Masala Dosa,2,80,Main Gate,Card
ORD0126,2026-03-17 22:27:00,CUST083,Veg Sandwich,2,60,Boys Hostel,Cash
ORD0127,2026-04-16 21:04:00,CUST102,Maggi,2,40,Main Gate,Card
ORD0128,2026-04-06 23:28:00,CUST089,Veg Sandwich,4,60,Main Gate,Card
ORD0129,2026-02-21 23:32:00,CUST057,Paneer Roll,4,100,Girls Hostel,Card
ORD0130,2026-01-06 01:47:00,CUST004,Coffee,3,25,Girls Hostel,UPI
ORD0131,2026-03-28 19:48:00,CUST074,Masala Dosa,3,80,Girls Hostel,UPI
ORD0132,2026-03-02 02:58:00,CUST075,Tea,2,15,Library Area,Card
ORD0133,2026-04-15 02:05:00,CUST053,Veg Burger,3,75,Main Gate,Cash
ORD0134,2026-03-27 20:54:00,CUST053,Cheese Sandwich,3,80,Library Area,Cash
ORD0135,2026-03-26 01:52:00,CUST059,Pizza Slice,1,120,Girls Hostel,Cash
ORD0136,2026-02-02 00:07:00,CUST111,Pizza Slice,4,120,Sports Complex,UPI
ORD0137,2026-03-26 02:26:00,CUST067,Maggi,2,40,Main Gate,Card
ORD0138,2026-04-07 02:40:00,CUST027,Veg Burger,1,75,Main Gate,Card
ORD0139,2026-01-17 23:28:00,CUST016,Spring Roll,4,90,Girls Hostel,Card
ORD0140,2026-03-19 22:45:00,CUST071,Cheese Sandwich,3,80,Girls Hostel,Card
ORD0141,2026-02-22 20:14:00,CUST060,Pasta,1,110,Girls Hostel,Card
ORD0142,2026-04-17 21:31:00,CUST066,Spring Roll,3,90,Main Gate,Cash
ORD0143,2026-04-17 02:30:00,CUST071,Cold Coffee,4,70,Boys Hostel,Cash
ORD0144,2026-01-25 21:55:00,CUST099,Veg Sandwich,3,60,Library Area,Cash
ORD0145,2026-04-30 23:52:00,CUST093,Maggi,3,40,Main Gate,Card
ORD0146,2026-03-16 02:55:00,CUST069,Cheese Sandwich,4,80,Library Area,Cash
ORD0147,2026-02-12 01:29:00,CUST112,Spring Roll,3,90,Boys Hostel,Card
ORD0148,2026-01-31 01:14:00,CUST006,Pasta,4,110,Main Gate,Card
ORD0149,2026-03-02 01:24:00,CUST064,Masala Dosa,2,80,Girls Hostel,UPI
ORD0150,2026-03-06 00:55:00,CUST013,Veg Sandwich,4,60,Sports Complex,Cash
ORD0151,2026-01-02 21:26:00,CUST010,Pasta,2,110,Library Area,Cash
ORD0152,2026-02-13 01:41:00,CUST110,Veg Sandwich,3,60,Sports Complex,Cash
ORD0153,2026-02-10 02:55:00,CUST080,Paneer Roll,1,100,Girls Hostel,UPI
ORD0154,2026-03-22 23:14:00,CUST056,Momos,1,70,Girls Hostel,Card
ORD0155,2026-04-01 20:28:00,CUST116,Cheese Sandwich,3,80,Girls Hostel,UPI
ORD0156,2026-02-11 19:18:00,CUST056,Coffee,3,25,Boys Hostel,UPI
ORD0157,2026-03-09 01:36:00,CUST022,Masala Dosa,2,80,Boys Hostel,UPI
ORD0158,2026-03-20 01:39:00,CUST064,Masala Dosa,2,80,Sports Complex,UPI
ORD0159,2026-01-30 02:40:00,CUST033,Tea,4,15,Girls Hostel,Cash
ORD0160,2026-04-26 23:43:00,CUST010,Paneer Roll,2,100,Library Area,Cash
ORD0161,2026-03-17 23:40:00,CUST059,French Fries,3,90,Main Gate,UPI
ORD0162,2026-02-19 02:06:00,CUST074,Cold Coffee,4,70,Main Gate,Card
ORD0163,2026-02-07 23:01:00,CUST036,Pasta,4,110,Girls Hostel,Card
ORD0164,2026-04-21 19:58:00,CUST107,Aloo Paratha,4,50,Main Gate,UPI
ORD0165,2026-03-19 00:14:00,CUST080,Masala Dosa,2,80,Main Gate,Card
ORD0166,2026-04-07 21:40:00,CUST040,Veg Sandwich,1,60,Library Area,UPI
ORD0167,2026-03-16 00:46:00,CUST117,Cheese Sandwich,1,80,Main Gate,Cash
ORD0168,2026-04-06 01:11:00,CUST101,Cold Coffee,2,70,Sports Complex,Cash
ORD0169,2026-03-09 23:53:00,CUST117,Cheese Sandwich,3,80,Library Area,Cash
ORD0170,2026-04-06 00:51:00,CUST010,Veg Sandwich,4,60,Boys Hostel,UPI
ORD0171,2026-04-21 01:54:00,CUST012,Pizza Slice,3,120,Library Area,UPI
ORD0172,2026-02-03 20:29:00,CUST075,Coffee,3,25,Library Area,Card
ORD0173,2026-05-01 00:06:00,CUST061,Masala Dosa,2,80,Girls Hostel,Card
ORD0174,2026-04-24 00:58:00,CUST083,Aloo Paratha,2,50,Girls Hostel,Card
ORD0175,2026-04-16 02:58:00,CUST084,Momos,3,70,Library Area,UPI
ORD0176,2026-01-18 19:02:00,CUST015,Tea,4,15,Girls Hostel,UPI
ORD0177,2026-04-24 21:24:00,CUST086,Veg Burger,3,75,Sports Complex,Cash
ORD0178,2026-03-17 21:56:00,CUST107,French Fries,1,90,Library Area,Card
ORD0179,2026-02-22 23:02:00,CUST028,Momos,3,70,Library Area,Cash
ORD0180,2026-01-31 00:06:00,CUST070,Masala Dosa,3,80,Main Gate,UPI
ORD0181,2026-02-20 23:12:00,CUST012,Veg Sandwich,4,60,Boys Hostel,Card
ORD0182,2026-03-23 19:03:00,CUST032,Pizza Slice,3,120,Boys Hostel,Card
ORD0183,2026-01-27 20:53:00,CUST076,Pizza Slice,2,120,Boys Hostel,UPI
ORD0184,2026-02-12 21:50:00,CUST036,Spring Roll,1,90,Boys Hostel,UPI
ORD0185,2026-03-11 23:51:00,CUST085,Cheese Sandwich,1,80,Girls Hostel,UPI
ORD0186,2026-01-02 00:50:00,CUST076,Pizza Slice,2,120,Main Gate,UPI
ORD0187,2026-01-23 23:03:00,CUST068,Cheese Sandwich,4,80,Girls Hostel,Card
ORD0188,2026-01-09 02:28:00,CUST066,Pizza Slice,3,120,Sports Complex,UPI
ORD0189,2026-02-27 22:39:00,CUST059,Maggi,3,40,Girls Hostel,UPI
ORD0190,2026-03-03 01:27:00,CUST063,Masala Dosa,1,80,Library Area,UPI
ORD0191,2026-04-26 20:20:00,CUST009,Aloo Paratha,2,50,Boys Hostel,Cash
ORD0192,2026-03-21 00:24:00,CUST059,Aloo Paratha,3,50,Sports Complex,Card
ORD0193,2026-02-25 20:50:00,CUST110,Momos,1,70,Sports Complex,Card
ORD0194,2026-04-21 22:27:00,CUST053,Veg Burger,2,75,Main Gate,Cash
ORD0195,2026-02-21 01:46:00,CUST055,Veg Sandwich,3,60,Main Gate,Card
ORD0196,2026-02-02 00:09:00,CUST009,Masala Dosa,4,80,Girls Hostel,UPI
ORD0197,2026-01-12 01:06:00,CUST104,Momos,3,70,Boys Hostel,Card
ORD0198,2026-01-08 00:42:00,CUST046,Veg Sandwich,4,60,Library Area,Card
ORD0199,2026-01-07 23:38:00,CUST014,Tea,3,15,Sports Complex,Card
ORD0200,2026-01-28 21:42:00,CUST109,Veg Burger,2,75,Girls Hostel,Cash
ORD0201,2026-04-19 00:07:00,CUST074,Pizza Slice,3,120,Boys Hostel,Cash
ORD0202,2026-04-19 19:38:00,CUST004,Spring Roll,3,90,Boys Hostel,Cash
ORD0203,2026-03-31 23:58:00,CUST001,Coffee,3,25,Boys Hostel,UPI
ORD0204,2026-03-14 01:04:00,CUST012,Cheese Sandwich,1,80,Sports Complex,UPI
ORD0205,2026-02-18 01:29:00,CUST048,Coffee,2,25,Main Gate,Card
ORD0206,2026-02-11 20:56:00,CUST021,Maggi,2,40,Sports Complex,UPI
ORD0207,2026-03-28 20:17:00,CUST063,Veg Burger,4,75,Sports Complex,Cash
ORD0208,2026-02-23 23:13:00,CUST045,Pizza Slice,1,120,Library Area,UPI
ORD0209,2026-02-06 02:33:00,CUST006,Masala Dosa,3,80,Boys Hostel,Cash
ORD0210,2026-03-18 19:00:00,CUST028,Cold Coffee,3,70,Boys Hostel,Cash
ORD0211,2026-02-07 00:07:00,CUST096,Maggi,4,40,Library Area,UPI
ORD0212,2026-01-17 01:34:00,CUST065,Momos,2,70,Sports Complex,Card
ORD0213,2026-04-14 00:04:00,CUST056,French Fries,1,90,Girls Hostel,Cash
ORD0214,2026-04-28 20:55:00,CUST074,Coffee,4,25,Library Area,Card
ORD0215,2026-03-23 01:18:00,CUST003,Veg Sandwich,4,60,Main Gate,UPI
ORD0216,2026-04-13 02:53:00,CUST012,Momos,3,70,Library Area,UPI
ORD0217,2026-02-01 01:37:00,CUST051,French Fries,1,90,Main Gate,Card
ORD0218,2026-02-13 22:21:00,CUST010,Pizza Slice,2,120,Sports Complex,Card
ORD0219,2026-01-15 22:57:00,CUST045,Pizza Slice,3,120,Boys Hostel,UPI
ORD0220,2026-01-14 21:16:00,CUST078,Cold Coffee,2,70,Boys Hostel,Card
ORD0221,2026-01-10 21:49:00,CUST060,Masala Dosa,4,80,Sports Complex,Card
ORD0222,2026-02-27 00:55:00,CUST020,Masala Dosa,3,80,Library Area,UPI
ORD0223,2026-03-02 02:40:00,CUST076,Tea,3,15,Girls Hostel,Cash
ORD0224,2026-03-06 20:19:00,CUST005,Veg Burger,4,75,Girls Hostel,Cash
ORD0225,2026-04-17 23:04:00,CUST079,Masala Dosa,1,80,Sports Complex,Card
ORD0226,2026-02-19 02:37:00,CUST058,Paneer Roll,1,100,Sports Complex,Card
ORD0227,2026-01-25 00:38:00,CUST008,Veg Burger,2,75,Library Area,UPI
ORD0228,2026-04-14 00:45:00,CUST006,Veg Sandwich,2,60,Boys Hostel,Card
ORD0229,2026-02-26 02:33:00,CUST047,Paneer Roll,2,100,Main Gate,Cash
ORD0230,2026-02-19 01:49:00,CUST102,Coffee,1,25,Main Gate,UPI
ORD0231,2026-02-12 20:35:00,CUST037,Masala Dosa,4,80,Main Gate,Card
ORD0232,2026-04-20 21:21:00,CUST118,Veg Sandwich,2,60,Main Gate,Cash
ORD0233,2026-03-25 01:08:00,CUST040,Aloo Paratha,1,50,Sports Complex,Cash
ORD0234,2026-03-24 00:52:00,CUST083,Cheese Sandwich,1,80,Library Area,Card
ORD0235,2026-02-16 19:23:00,CUST028,Tea,2,15,Main Gate,Cash
ORD0236,2026-01-25 22:08:00,CUST038,Cheese Sandwich,1,80,Girls Hostel,Card
ORD0237,2026-04-09 19:42:00,CUST077,Coffee,2,25,Library Area,UPI
ORD0238,2026-01-21 21:53:00,CUST093,Momos,2,70,Library Area,UPI
ORD0239,2026-02-22 00:43:00,CUST057,Momos,2,70,Sports Complex,Cash
ORD0240,2026-04-07 02:14:00,CUST040,Paneer Roll,2,100,Library Area,UPI
ORD0241,2026-02-17 02:29:00,CUST100,Pizza Slice,3,120,Library Area,Card
ORD0242,2026-03-09 01:10:00,CUST103,Pasta,2,110,Sports Complex,UPI
ORD0243,2026-04-22 23:03:00,CUST112,Masala Dosa,4,80,Main Gate,Card
ORD0244,2026-04-30 20:45:00,CUST037,Pasta,1,110,Girls Hostel,UPI
ORD0245,2026-02-04 02:57:00,CUST107,Paneer Roll,2,100,Library Area,UPI
ORD0246,2026-04-27 22:52:00,CUST120,Veg Burger,3,75,Girls Hostel,Cash
ORD0247,2026-01-07 01:32:00,CUST050,Coffee,2,25,Girls Hostel,Cash
ORD0248,2026-01-29 19:20:00,CUST108,Spring Roll,1,90,Main Gate,UPI
ORD0249,2026-01-18 19:18:00,CUST090,Spring Roll,4,90,Boys Hostel,Card
ORD0250,2026-03-02 02:39:00,CUST003,Maggi,1,40,Main Gate,UPI
ORD0251,2026-04-17 21:35:00,CUST015,Momos,4,70,Main Gate,UPI
ORD0252,2026-02-08 20:03:00,CUST082,Cold Coffee,4,70,Sports Complex,Cash
ORD0253,2026-01-09 20:53:00,CUST077,Spring Roll,4,90,Sports Complex,UPI
ORD0254,2026-03-22 22:45:00,CUST055,Cheese Sandwich,3,80,Girls Hostel,Card
ORD0255,2026-02-15 22:36:00,CUST086,French Fries,2,90,Girls Hostel,Card
ORD0256,2026-02-16 20:33:00,CUST050,Paneer Roll,1,100,Library Area,UPI
ORD0257,2026-03-23 01:23:00,CUST046,Tea,1,15,Girls Hostel,Cash
ORD0258,2026-01-31 20:49:00,CUST018,Aloo Paratha,3,50,Girls Hostel,Cash
ORD0259,2026-03-11 00:52:00,CUST107,Masala Dosa,2,80,Library Area,Card
ORD0260,2026-03-03 21:51:00,CUST092,Cheese Sandwich,1,80,Library Area,UPI
ORD0261,2026-02-07 22:02:00,CUST114,Pizza Slice,2,120,Girls Hostel,Cash
ORD0262,2026-04-30 23:32:00,CUST033,French Fries,4,90,Girls Hostel,Card
ORD0263,2026-01-25 23:22:00,CUST111,Pasta,1,110,Main Gate,Cash
ORD0264,2026-01-16 00:27:00,CUST096,Spring Roll,4,90,Library Area,Cash
ORD0265,2026-02-13 21:31:00,CUST048,Momos,4,70,Sports Complex,Cash
ORD0266,2026-04-13 20:46:00,CUST056,French Fries,1,90,Sports Complex,UPI
ORD0267,2026-03-11 23:20:00,CUST042,Veg Sandwich,1,60,Main Gate,Cash
ORD0268,2026-02-27 01:10:00,CUST045,Momos,4,70,Library Area,UPI
ORD0269,2026-04-04 00:39:00,CUST082,French Fries,3,90,Girls Hostel,UPI
ORD0270,2026-03-27 01:23:00,CUST004,Paneer Roll,2,100,Boys Hostel,Card
ORD0271,2026-03-28 02:02:00,CUST031,Cheese Sandwich,1,80,Main Gate,Cash
ORD0272,2026-02-19 19:38:00,CUST048,Cheese Sandwich,4,80,Main Gate,Cash
ORD0273,2026-04-08 20:36:00,CUST051,Cheese Sandwich,3,80,Main Gate,Card
ORD0274,2026-02-05 22:07:00,CUST064,Maggi,2,40,Sports Complex,Cash
ORD0275,2026-04-27 20:16:00,CUST091,Pizza Slice,3,120,Library Area,UPI
ORD0276,2026-03-20 23:44:00,CUST026,Spring Roll,4,90,Girls Hostel,UPI
ORD0277,2026-04-20 20:28:00,CUST012,Cheese Sandwich,4,80,Main Gate,Card
ORD0278,2026-02-14 20:35:00,CUST115,Paneer Roll,3,100,Main Gate,UPI
ORD0279,2026-04-02 21:50:00,CUST016,Coffee,2,25,Boys Hostel,UPI
ORD0280,2026-01-31 02:01:00,CUST060,Coffee,3,25,Sports Complex,UPI
ORD0281,2026-03-20 20:04:00,CUST092,Tea,4,15,Library Area,Card
ORD0282,2026-02-22 01:52:00,CUST017,Aloo Paratha,1,50,Main Gate,Card
ORD0283,2026-01-10 02:29:00,CUST017,Masala Dosa,3,80,Sports Complex,Card
ORD0284,2026-03-17 21:49:00,CUST065,Cheese Sandwich,4,80,Girls Hostel,UPI
ORD0285,2026-03-08 21:19:00,CUST042,Cheese Sandwich,2,80,Boys Hostel,Cash
ORD0286,2026-05-01 23:54:00,CUST026,Veg Sandwich,3,60,Sports Complex,Cash
ORD0287,2026-01-17 23:39:00,CUST065,Paneer Roll,1,100,Boys Hostel,Card
ORD0288,2026-05-01 21:10:00,CUST108,Masala Dosa,3,80,Sports Complex,UPI
ORD0289,2026-04-16 19:05:00,CUST084,Maggi,3,40,Boys Hostel,Card
ORD0290,2026-02-23 19:31:00,CUST083,Spring Roll,3,90,Main Gate,Cash
ORD0291,2026-02-01 01:19:00,CUST089,Veg Burger,1,75,Girls Hostel,UPI
ORD0292,2026-02-26 01:30:00,CUST044,Veg Burger,2,75,Sports Complex,UPI
ORD0293,2026-02-10 00:46:00,CUST052,Pasta,3,110,Boys Hostel,Cash
ORD0294,2026-03-07 20:20:00,CUST016,Cold Coffee,4,70,Main Gate,Cash
ORD0295,2026-02-01 21:06:00,CUST050,Maggi,3,40,Sports Complex,Cash
ORD0296,2026-02-01 21:52:00,CUST025,Coffee,3,25,Boys Hostel,Cash
ORD0297,2026-03-07 02:31:00,CUST064,Spring Roll,3,90,Girls Hostel,UPI
ORD0298,2026-05-01 01:32:00,CUST028,Veg Burger,2,75,Sports Complex,Cash
ORD0299,2026-01-07 19:18:00,CUST037,Veg Burger,4,75,Sports Complex,UPI
ORD0300,2026-04-19 20:27:00,CUST094,Cheese Sandwich,3,80,Main Gate,Cash
ORD0301,2026-02-16 19:25:00,CUST047,Maggi,2,40,Sports Complex,Cash
ORD0302,2026-01-10 01:32:00,CUST106,Veg Burger,3,75,Sports Complex,Card
ORD0303,2026-03-20 20:08:00,CUST048,Veg Sandwich,4,60,Main Gate,Card
ORD0304,2026-05-01 00:48:00,CUST078,Cheese Sandwich,2,80,Sports Complex,Cash
ORD0305,2026-03-06 19:02:00,CUST092,Maggi,2,40,Main Gate,Cash
ORD0306,2026-03-08 02:09:00,CUST042,Aloo Paratha,2,50,Sports Complex,Cash
ORD0307,2026-01-21 01:39:00,CUST076,Momos,3,70,Main Gate,Card
ORD0308,2026-04-17 02:45:00,CUST061,Aloo Paratha,3,50,Girls Hostel,Cash
ORD0309,2026-02-12 20:26:00,CUST102,Aloo Paratha,3,50,Girls Hostel,Card
ORD0310,2026-03-02 23:41:00,CUST093,Pizza Slice,2,120,Girls Hostel,Card
ORD0311,2026-03-03 21:33:00,CUST019,Masala Dosa,4,80,Boys Hostel,UPI
ORD0312,2026-03-15 20:12:00,CUST041,Maggi,4,40,Library Area,UPI
ORD0313,2026-02-22 22:26:00,CUST112,Paneer Roll,4,100,Girls Hostel,Card
ORD0314,2026-01-18 22:35:00,CUST068,Coffee,4,25,Library Area,Cash
ORD0315,2026-01-23 02:58:00,CUST070,Paneer Roll,3,100,Main Gate,Card
ORD0316,2026-04-09 23:39:00,CUST032,Veg Burger,2,75,Main Gate,Card
ORD0317,2026-02-08 22:19:00,CUST091,Pizza Slice,3,120,Boys Hostel,Card
ORD0318,2026-04-01 02:20:00,CUST072,Veg Burger,3,75,Main Gate,Cash
ORD0319,2026-01-16 01:57:00,CUST099,French Fries,3,90,Boys Hostel,Cash
ORD0320,2026-01-06 23:45:00,CUST119,Veg Sandwich,3,60,Library Area,Card
ORD0321,2026-02-02 02:13:00,CUST120,Cold Coffee,3,70,Sports Complex,Card
ORD0322,2026-02-04 21:06:00,CUST032,Aloo Paratha,2,50,Girls Hostel,Card
ORD0323,2026-04-26 22:40:00,CUST013,Cold Coffee,1,70,Library Area,Cash
ORD0324,2026-04-02 02:06:00,CUST001,Masala Dosa,2,80,Sports Complex,UPI
ORD0325,2026-02-22 02:30:00,CUST097,Masala Dosa,2,80,Main Gate,Cash
ORD0326,2026-02-06 19:58:00,CUST084,Pizza Slice,1,120,Sports Complex,UPI
ORD0327,2026-03-10 19:58:00,CUST054,Spring Roll,2,90,Boys Hostel,UPI
ORD0328,2026-04-18 01:50:00,CUST120,Veg Burger,2,75,Main Gate,UPI
ORD0329,2026-01-02 23:36:00,CUST119,Aloo Paratha,1,50,Main Gate,Cash
ORD0330,2026-02-28 02:56:00,CUST035,Cheese Sandwich,4,80,Boys Hostel,UPI
ORD0331,2026-02-12 21:46:00,CUST092,Veg Burger,3,75,Boys Hostel,UPI
ORD0332,2026-04-05 00:50:00,CUST023,Tea,2,15,Sports Complex,Card
ORD0333,2026-04-25 01:52:00,CUST012,French Fries,3,90,Library Area,Card
ORD0334,2026-01-13 21:08:00,CUST120,Veg Burger,3,75,Boys Hostel,UPI
ORD0335,2026-02-03 01:15:00,CUST043,Veg Burger,3,75,Main Gate,Card
ORD0336,2026-04-03 19:16:00,CUST089,Masala Dosa,3,80,Boys Hostel,UPI
ORD0337,2026-03-27 20:29:00,CUST052,Tea,2,15,Sports Complex,Card
ORD0338,2026-04-09 23:44:00,CUST048,Veg Sandwich,3,60,Sports Complex,UPI
ORD0339,2026-01-29 21:30:00,CUST096,Cheese Sandwich,4,80,Sports Complex,Cash
ORD0340,2026-02-23 02:48:00,CUST098,Paneer Roll,2,100,Boys Hostel,Card
ORD0341,2026-04-07 20:33:00,CUST010,Veg Burger,3,75,Sports Complex,UPI
ORD0342,2026-01-08 22:36:00,CUST022,Paneer Roll,2,100,Main Gate,Card
ORD0343,2026-02-26 20:43:00,CUST012,Cold Coffee,4,70,Sports Complex,Cash
ORD0344,2026-04-14 19:29:00,CUST059,Cheese Sandwich,4,80,Sports Complex,UPI
ORD0345,2026-03-13 02:43:00,CUST093,Pizza Slice,3,120,Girls Hostel,Cash
ORD0346,2026-02-02 19:47:00,CUST006,Cold Coffee,1,70,Library Area,Cash
ORD0347,2026-03-31 20:34:00,CUST120,Maggi,1,40,Library Area,UPI
ORD0348,2026-02-06 01:11:00,CUST099,Pizza Slice,2,120,Library Area,Cash
ORD0349,2026-04-25 01:28:00,CUST049,Pasta,4,110,Girls Hostel,Card
ORD0350,2026-03-26 21:41:00,CUST016,Pasta,3,110,Boys Hostel,Card
ORD0351,2026-02-20 21:46:00,CUST097,Cold Coffee,1,70,Girls Hostel,Cash
ORD0352,2026-03-01 01:34:00,CUST032,French Fries,2,90,Library Area,Cash
ORD0353,2026-01-20 23:12:00,CUST005,Spring Roll,1,90,Library Area,Card
ORD0354,2026-04-09 19:15:00,CUST013,Cold Coffee,1,70,Sports Complex,UPI
ORD0355,2026-02-27 19:15:00,CUST052,Momos,1,70,Library Area,UPI
ORD0356,2026-03-11 22:48:00,CUST018,Pasta,1,110,Sports Complex,Cash
ORD0357,2026-01-30 00:36:00,CUST031,Aloo Paratha,3,50,Main Gate,UPI
ORD0358,2026-03-26 22:26:00,CUST008,Tea,3,15,Sports Complex,Card
ORD0359,2026-04-23 21:40:00,CUST072,Masala Dosa,4,80,Library Area,UPI
ORD0360,2026-02-14 01:50:00,CUST090,Paneer Roll,3,100,Library Area,Cash
ORD0361,2026-01-20 23:24:00,CUST031,Cheese Sandwich,4,80,Boys Hostel,Cash
ORD0362,2026-04-20 21:51:00,CUST072,Veg Burger,1,75,Library Area,Cash
ORD0363,2026-03-13 21:24:00,CUST027,Cold Coffee,3,70,Main Gate,Card
ORD0364,2026-01-11 02:54:00,CUST069,Coffee,1,25,Boys Hostel,UPI
ORD0365,2026-02-04 01:43:00,CUST112,Aloo Paratha,1,50,Girls Hostel,UPI
ORD0366,2026-04-13 22:30:00,CUST039,Cold Coffee,3,70,Girls Hostel,UPI
ORD0367,2026-04-30 22:47:00,CUST118,Veg Sandwich,4,60,Boys Hostel,Card
ORD0368,2026-03-19 22:25:00,CUST071,Spring Roll,2,90,Main Gate,Cash
ORD0369,2026-02-18 02:34:00,CUST040,Masala Dosa,3,80,Main Gate,Cash
ORD0370,2026-03-07 02:29:00,CUST098,Veg Sandwich,4,60,Main Gate,UPI
ORD0371,2026-02-17 00:26:00,CUST095,Maggi,2,40,Boys Hostel,UPI
ORD0372,2026-02-03 01:18:00,CUST043,Cheese Sandwich,2,80,Boys Hostel,Cash
ORD0373,2026-03-14 22:31:00,CUST033,Paneer Roll,3,100,Library Area,Card
ORD0374,2026-03-24 02:29:00,CUST022,Cheese Sandwich,3,80,Boys Hostel,Card
ORD0375,2026-03-11 02:11:00,CUST068,Spring Roll,1,90,Girls Hostel,UPI
ORD0376,2026-05-01 19:48:00,CUST018,Maggi,4,40,Boys Hostel,UPI
ORD0377,2026-04-01 21:00:00,CUST048,Cold Coffee,4,70,Girls Hostel,Card
ORD0378,2026-03-23 02:42:00,CUST001,Veg Burger,1,75,Sports Complex,Card
ORD0379,2026-02-22 19:01:00,CUST069,Paneer Roll,3,100,Main Gate,UPI
ORD0380,2026-03-06 01:51:00,CUST014,Spring Roll,2,90,Girls Hostel,Card
ORD0381,2026-01-20 22:12:00,CUST105,Aloo Paratha,3,50,Main Gate,Cash
ORD0382,2026-04-12 01:05:00,CUST059,Coffee,4,25,Sports Complex,UPI
ORD0383,2026-03-31 22:19:00,CUST084,Masala Dosa,1,80,Girls Hostel,UPI
ORD0384,2026-02-21 01:24:00,CUST008,Paneer Roll,4,100,Girls Hostel,Card
ORD0385,2026-01-22 20:31:00,CUST083,Pasta,4,110,Main Gate,Card
ORD0386,2026-04-20 20:57:00,CUST030,Paneer Roll,1,100,Boys Hostel,Card
ORD0387,2026-04-24 02:17:00,CUST088,Maggi,1,40,Main Gate,Card
ORD0388,2026-03-14 19:11:00,CUST003,Spring Roll,3,90,Boys Hostel,Card
ORD0389,2026-01-19 01:59:00,CUST021,Veg Sandwich,3,60,Sports Complex,UPI
ORD0390,2026-03-14 01:43:00,CUST050,Spring Roll,3,90,Boys Hostel,Card
ORD0391,2026-04-03 20:32:00,CUST007,Momos,3,70,Girls Hostel,Cash
ORD0392,2026-01-30 20:21:00,CUST100,Aloo Paratha,4,50,Main Gate,UPI
ORD0393,2026-03-23 23:50:00,CUST030,Veg Burger,4,75,Main Gate,Card
ORD0394,2026-05-01 01:27:00,CUST011,Cheese Sandwich,4,80,Sports Complex,Cash
ORD0395,2026-04-13 22:45:00,CUST035,Veg Sandwich,1,60,Boys Hostel,Cash
ORD0396,2026-04-02 21:47:00,CUST047,French Fries,3,90,Girls Hostel,UPI
ORD0397,2026-01-01 23:28:00,CUST014,Coffee,3,25,Boys Hostel,UPI
ORD0398,2026-01-24 01:28:00,CUST014,Paneer Roll,4,100,Girls Hostel,UPI
ORD0399,2026-02-15 20:38:00,CUST111,Aloo Paratha,3,50,Library Area,UPI
ORD0400,2026-02-07 01:24:00,CUST093,Pizza Slice,1,120,Sports Complex,UPI
ORD0401,2026-03-15 21:43:00,CUST018,French Fries,2,90,Main Gate,Cash
ORD0402,2026-02-04 02:09:00,CUST056,Veg Sandwich,2,60,Main Gate,Cash
ORD0403,2026-02-08 02:50:00,CUST033,Veg Sandwich,3,60,Boys Hostel,Card
ORD0404,2026-03-22 02:38:00,CUST059,Aloo Paratha,2,50,Girls Hostel,UPI
ORD0405,2026-02-08 19:25:00,CUST103,Coffee,4,25,Main Gate,Cash
ORD0406,2026-02-12 01:52:00,CUST039,Pasta,2,110,Main Gate,Card
ORD0407,2026-03-30 22:30:00,CUST051,Coffee,2,25,Main Gate,Cash
ORD0408,2026-04-05 02:36:00,CUST042,Pizza Slice,2,120,Library Area,Cash
ORD0409,2026-04-15 01:23:00,CUST076,Veg Sandwich,2,60,Sports Complex,UPI
ORD0410,2026-03-29 19:46:00,CUST057,Veg Burger,2,75,Main Gate,Card
ORD0411,2026-01-09 01:43:00,CUST082,Veg Burger,2,75,Main Gate,UPI
ORD0412,2026-02-02 21:45:00,CUST010,French Fries,4,90,Library Area,Card
ORD0413,2026-03-03 01:34:00,CUST070,Paneer Roll,4,100,Girls Hostel,Cash
ORD0414,2026-03-31 20:06:00,CUST085,Pizza Slice,2,120,Main Gate,UPI
ORD0415,2026-03-24 19:36:00,CUST097,Masala Dosa,4,80,Main Gate,Cash
ORD0416,2026-01-14 19:06:00,CUST066,Tea,2,15,Sports Complex,Card
ORD0417,2026-03-16 22:28:00,CUST060,Coffee,4,25,Sports Complex,Card
ORD0418,2026-03-06 21:22:00,CUST014,Maggi,4,40,Main Gate,Cash
ORD0419,2026-04-28 20:07:00,CUST045,Pasta,2,110,Main Gate,Cash
ORD0420,2026-02-28 22:33:00,CUST061,Veg Burger,3,75,Girls Hostel,Cash
ORD0421,2026-04-03 02:20:00,CUST006,Veg Sandwich,3,60,Girls Hostel,UPI
ORD0422,2026-04-19 00:41:00,CUST120,Veg Sandwich,2,60,Boys Hostel,Card
ORD0423,2026-01-23 21:21:00,CUST060,Paneer Roll,4,100,Boys Hostel,Cash
ORD0424,2026-03-22 21:11:00,CUST051,Masala Dosa,4,80,Girls Hostel,Card
ORD0425,2026-03-20 22:28:00,CUST050,Aloo Paratha,4,50,Girls Hostel,Card
ORD0426,2026-01-28 22:17:00,CUST074,Pizza Slice,1,120,Girls Hostel,Card
ORD0427,2026-01-24 00:20:00,CUST015,Cold Coffee,4,70,Main Gate,Card
ORD0428,2026-04-21 02:33:00,CUST077,Masala Dosa,3,80,Library Area,Card
ORD0429,2026-02-20 20:22:00,CUST080,Coffee,4,25,Boys Hostel,Card
ORD0430,2026-04-01 23:58:00,CUST087,Aloo Paratha,1,50,Boys Hostel,Cash
ORD0431,2026-01-16 22:19:00,CUST048,Veg Sandwich,2,60,Boys Hostel,Card
ORD0432,2026-02-19 01:38:00,CUST055,Cheese Sandwich,4,80,Boys Hostel,Cash
ORD0433,2026-03-23 21:35:00,CUST037,Cheese Sandwich,4,80,Boys Hostel,UPI
ORD0434,2026-02-10 02:39:00,CUST002,Maggi,3,40,Library Area,UPI
ORD0435,2026-01-25 01:35:00,CUST053,Paneer Roll,4,100,Library Area,Cash
ORD0436,2026-04-01 02:31:00,CUST073,Cheese Sandwich,1,80,Girls Hostel,UPI
ORD0437,2026-02-07 19:17:00,CUST022,Cold Coffee,3,70,Library Area,Card
ORD0438,2026-04-06 02:35:00,CUST074,Paneer Roll,1,100,Girls Hostel,Cash
ORD0439,2026-04-10 00:34:00,CUST098,Pasta,1,110,Library Area,Card
ORD0440,2026-01-28 01:06:00,CUST039,Momos,2,70,Girls Hostel,Cash
ORD0441,2026-02-03 00:55:00,CUST057,Pasta,1,110,Girls Hostel,UPI
ORD0442,2026-01-27 00:55:00,CUST022,Momos,4,70,Sports Complex,UPI
ORD0443,2026-04-11 22:52:00,CUST073,Cold Coffee,1,70,Main Gate,Card
ORD0444,2026-02-05 21:20:00,CUST038,Momos,3,70,Sports Complex,Cash
ORD0445,2026-04-20 20:08:00,CUST118,Pizza Slice,4,120,Girls Hostel,Cash
ORD0446,2026-04-21 21:44:00,CUST032,Pasta,2,110,Boys Hostel,Card
ORD0447,2026-02-11 22:48:00,CUST063,Pasta,4,110,Boys Hostel,Card
ORD0448,2026-03-22 23:40:00,CUST058,French Fries,4,90,Girls Hostel,Card
ORD0449,2026-04-12 20:25:00,CUST089,Paneer Roll,3,100,Main Gate,Cash
ORD0450,2026-03-04 00:37:00,CUST094,Maggi,1,40,Library Area,Card
ORD0451,2026-03-27 00:54:00,CUST028,Veg Sandwich,4,60,Library Area,UPI
ORD0452,2026-03-05 23:20:00,CUST044,Pasta,3,110,Sports Complex,Card
ORD0453,2026-01-17 02:50:00,CUST006,Coffee,1,25,Girls Hostel,Card
ORD0454,2026-04-11 02:01:00,CUST057,Veg Sandwich,2,60,Library Area,UPI
ORD0455,2026-02-24 22:44:00,CUST113,Spring Roll,2,90,Main Gate,UPI
ORD0456,2026-04-22 23:05:00,CUST033,Masala Dosa,3,80,Girls Hostel,Cash
ORD0457,2026-03-27 21:03:00,CUST093,French Fries,3,90,Boys Hostel,Cash
ORD0458,2026-03-25 20:45:00,CUST028,Veg Sandwich,1,60,Library Area,UPI
ORD0459,2026-01-17 22:33:00,CUST002,Masala Dosa,4,80,Girls Hostel,Card
ORD0460,2026-02-13 20:55:00,CUST062,French Fries,2,90,Girls Hostel,UPI
ORD0461,2026-02-19 20:46:00,CUST014,Pizza Slice,1,120,Main Gate,Cash
ORD0462,2026-04-23 23:08:00,CUST083,French Fries,2,90,Boys Hostel,UPI
ORD0463,2026-03-09 19:39:00,CUST057,Masala Dosa,2,80,Main Gate,Card
ORD0464,2026-01-28 21:58:00,CUST111,French Fries,4,90,Boys Hostel,UPI
ORD0465,2026-04-25 20:08:00,CUST076,Pizza Slice,1,120,Library Area,Cash
ORD0466,2026-02-24 00:50:00,CUST036,Cheese Sandwich,2,80,Girls Hostel,UPI
ORD0467,2026-03-12 23:49:00,CUST109,Momos,1,70,Main Gate,UPI
ORD0468,2026-03-08 22:47:00,CUST083,French Fries,3,90,Girls Hostel,UPI
ORD0469,2026-03-05 01:07:00,CUST082,Cold Coffee,4,70,Sports Complex,UPI
ORD0470,2026-03-09 19:23:00,CUST017,Spring Roll,3,90,Library Area,Card
ORD0471,2026-02-23 00:34:00,CUST098,Masala Dosa,2,80,Library Area,UPI
ORD0472,2026-01-03 20:00:00,CUST006,Tea,2,15,Girls Hostel,Cash
ORD0473,2026-03-06 23:40:00,CUST055,Momos,4,70,Library Area,UPI
ORD0474,2026-03-23 21:17:00,CUST011,Veg Sandwich,3,60,Sports Complex,UPI
ORD0475,2026-04-14 21:34:00,CUST076,Coffee,4,25,Girls Hostel,Cash
ORD0476,2026-03-31 01:46:00,CUST008,Pasta,2,110,Boys Hostel,UPI
ORD0477,2026-04-29 01:07:00,CUST040,Veg Burger,1,75,Boys Hostel,UPI
ORD0478,2026-01-02 21:44:00,CUST064,Maggi,2,40,Main Gate,Card
ORD0479,2026-03-08 23:10:00,CUST096,Coffee,2,25,Main Gate,Card
ORD0480,2026-04-24 20:49:00,CUST043,Spring Roll,1,90,Library Area,Cash
ORD0481,2026-03-09 20:16:00,CUST064,Momos,1,70,Library Area,Card
ORD0482,2026-02-16 19:31:00,CUST048,Pasta,2,110,Boys Hostel,Cash
ORD0483,2026-04-09 20:57:00,CUST030,Aloo Paratha,1,50,Sports Complex,UPI
ORD0484,2026-01-06 19:15:00,CUST047,Maggi,4,40,Library Area,UPI
ORD0485,2026-01-23 19:35:00,CUST029,Pizza Slice,4,120,Main Gate,UPI
ORD0486,2026-02-23 00:17:00,CUST074,Pasta,1,110,Main Gate,UPI
ORD0487,2026-03-06 19:11:00,CUST052,Cold Coffee,1,70,Girls Hostel,Cash
ORD0488,2026-04-21 23:49:00,CUST042,Pasta,3,110,Girls Hostel,Card
ORD0489,2026-02-28 19:23:00,CUST073,Cold Coffee,3,70,Main Gate,Card
ORD0490,2026-03-21 22:29:00,CUST099,Coffee,4,25,Boys Hostel,Card
ORD0491,2026-04-26 22:09:00,CUST004,Maggi,4,40,Boys Hostel,Card
ORD0492,2026-02-14 19:21:00,CUST109,Maggi,4,40,Main Gate,UPI
ORD0493,2026-01-27 22:26:00,CUST019,Veg Burger,1,75,Main Gate,UPI
ORD0494,2026-01-06 22:57:00,CUST090,Pasta,4,110,Main Gate,Cash
ORD0495,2026-04-06 20:37:00,CUST082,Veg Sandwich,2,60,Library Area,UPI
ORD0496,2026-03-17 19:27:00,CUST031,Masala Dosa,2,80,Main Gate,Cash
ORD0497,2026-04-19 00:59:00,CUST090,Pizza Slice,4,120,Main Gate,Cash
ORD0498,2026-02-27 23:14:00,CUST018,Veg Sandwich,2,60,Sports Complex,UPI
ORD0499,2026-01-20 20:10:00,CUST041,Veg Burger,4,75,Library Area,UPI
ORD0500,2026-03-10 00:49:00,CUST040,Cold Coffee,4,70,Library Area,Cash
ORD0501,2026-04-20 20:05:00,CUST106,Cheese Sandwich,3,80,Sports Complex,UPI
ORD0502,2026-01-28 00:09:00,CUST046,Veg Sandwich,2,60,Library Area,Card
ORD0503,2026-01-07 23:16:00,CUST004,Pasta,2,110,Library Area,Cash
ORD0504,2026-03-13 22:06:00,CUST103,Veg Burger,1,75,Boys Hostel,UPI
ORD0505,2026-01-02 19:53:00,CUST017,Pizza Slice,2,120,Boys Hostel,Cash
ORD0506,2026-02-17 20:37:00,CUST118,Aloo Paratha,3,50,Girls Hostel,UPI
ORD0507,2026-01-09 22:57:00,CUST104,Masala Dosa,4,80,Boys Hostel,UPI
ORD0508,2026-04-26 00:07:00,CUST007,Maggi,4,40,Boys Hostel,Card
ORD0509,2026-02-25 01:31:00,CUST088,Maggi,4,40,Library Area,UPI
ORD0510,2026-02-15 22:58:00,CUST036,Cheese Sandwich,3,80,Library Area,UPI
ORD0511,2026-01-05 22:41:00,CUST053,Tea,4,15,Sports Complex,Cash
ORD0512,2026-01-08 20:17:00,CUST054,French Fries,2,90,Boys Hostel,Card
ORD0513,2026-04-24 22:40:00,CUST049,Pizza Slice,1,120,Main Gate,Cash
ORD0514,2026-03-11 02:22:00,CUST050,Spring Roll,3,90,Main Gate,UPI
ORD0515,2026-01-04 00:38:00,CUST115,Cold Coffee,1,70,Main Gate,UPI
ORD0516,2026-04-14 02:33:00,CUST021,Coffee,2,25,Girls Hostel,UPI
ORD0517,2026-03-26 22:17:00,CUST098,Paneer Roll,1,100,Boys Hostel,Card
ORD0518,2026-04-19 01:22:00,CUST023,Spring Roll,2,90,Boys Hostel,Card
ORD0519,2026-02-10 00:58:00,CUST091,Aloo Paratha,1,50,Main Gate,Card
ORD0520,2026-03-14 21:36:00,CUST070,Cold Coffee,4,70,Main Gate,UPI
ORD0521,2026-03-04 19:05:00,CUST078,Maggi,2,40,Boys Hostel,UPI
ORD0522,2026-03-09 02:00:00,CUST104,Coffee,2,25,Boys Hostel,Cash
ORD0523,2026-04-02 21:58:00,CUST008,Pizza Slice,3,120,Girls Hostel,UPI
ORD0524,2026-03-17 21:49:00,CUST010,Veg Sandwich,3,60,Main Gate,Card
ORD0525,2026-05-01 01:37:00,CUST039,Veg Sandwich,3,60,Main Gate,UPI
ORD0526,2026-01-21 01:50:00,CUST084,Masala Dosa,4,80,Main Gate,UPI
ORD0527,2026-04-01 00:14:00,CUST049,Masala Dosa,2,80,Main Gate,Card
ORD0528,2026-03-30 23:08:00,CUST090,Cheese Sandwich,1,80,Sports Complex,Cash
ORD0529,2026-04-19 19:11:00,CUST118,Aloo Paratha,3,50,Sports Complex,UPI
ORD0530,2026-03-23 20:59:00,CUST043,Veg Burger,2,75,Girls Hostel,UPI
ORD0531,2026-02-14 00:10:00,CUST106,Masala Dosa,1,80,Main Gate,Cash
ORD0532,2026-01-02 23:13:00,CUST045,Cold Coffee,1,70,Main Gate,UPI
ORD0533,2026-04-03 19:03:00,CUST094,French Fries,4,90,Library Area,UPI
ORD0534,2026-04-24 01:31:00,CUST045,Spring Roll,4,90,Sports Complex,Cash
ORD0535,2026-01-13 02:50:00,CUST021,Pasta,2,110,Library Area,UPI
ORD0536,2026-04-13 19:18:00,CUST034,Maggi,3,40,Girls Hostel,UPI
ORD0537,2026-02-13 21:56:00,CUST094,French Fries,2,90,Girls Hostel,Card
ORD0538,2026-05-01 20:21:00,CUST091,Aloo Paratha,4,50,Girls Hostel,Cash
ORD0539,2026-05-01 21:38:00,CUST021,Spring Roll,4,90,Girls Hostel,UPI
ORD0540,2026-02-12 22:12:00,CUST085,French Fries,3,90,Main Gate,Cash
ORD0541,2026-01-31 20:03:00,CUST020,French Fries,4,90,Girls Hostel,Cash
ORD0542,2026-01-01 01:05:00,CUST026,Tea,4,15,Girls Hostel,UPI
ORD0543,2026-01-27 21:40:00,CUST061,Tea,1,15,Girls Hostel,Cash
ORD0544,2026-04-11 01:30:00,CUST012,Veg Burger,3,75,Sports Complex,Cash
ORD0545,2026-01-24 00:56:00,CUST024,French Fries,3,90,Library Area,UPI
ORD0546,2026-02-03 02:29:00,CUST108,Tea,2,15,Main Gate,Card
ORD0547,2026-01-08 21:48:00,CUST011,Momos,1,70,Main Gate,Card
ORD0548,2026-02-22 22:35:00,CUST105,Maggi,4,40,Sports Complex,Cash
ORD0549,2026-03-10 02:36:00,CUST061,Spring Roll,2,90,Main Gate,UPI
ORD0550,2026-02-20 19:32:00,CUST016,Aloo Paratha,2,50,Library Area,UPI
ORD0551,2026-01-22 22:51:00,CUST006,Cold Coffee,2,70,Library Area,UPI
ORD0552,2026-03-29 01:12:00,CUST107,Pasta,2,110,Sports Complex,Cash
ORD0553,2026-02-10 20:05:00,CUST071,French Fries,4,90,Main Gate,Cash
ORD0554,2026-03-08 02:58:00,CUST101,Pasta,1,110,Sports Complex,Card
ORD0555,2026-03-08 01:07:00,CUST019,French Fries,2,90,Sports Complex,Card
ORD0556,2026-03-16 20:59:00,CUST101,Veg Sandwich,1,60,Main Gate,Card
ORD0557,2026-04-23 00:56:00,CUST050,French Fries,3,90,Library Area,Card
ORD0558,2026-03-19 02:02:00,CUST052,Cheese Sandwich,3,80,Boys Hostel,Card
ORD0559,2026-03-19 01:02:00,CUST089,French Fries,3,90,Boys Hostel,UPI
ORD0560,2026-04-06 02:58:00,CUST003,Tea,3,15,Main Gate,Cash
ORD0561,2026-02-09 23:53:00,CUST112,Veg Burger,1,75,Boys Hostel,UPI
ORD0562,2026-02-08 02:49:00,CUST035,Pasta,3,110,Library Area,Card
ORD0563,2026-03-24 20:12:00,CUST117,Veg Burger,2,75,Library Area,Card
ORD0564,2026-03-04 00:52:00,CUST009,Maggi,2,40,Main Gate,Card
ORD0565,2026-03-06 01:08:00,CUST023,Pizza Slice,1,120,Boys Hostel,UPI
ORD0566,2026-04-18 19:15:00,CUST007,Maggi,4,40,Main Gate,Card
ORD0567,2026-01-26 23:23:00,CUST065,Pasta,4,110,Library Area,Card
ORD0568,2026-04-29 20:43:00,CUST048,Maggi,2,40,Library Area,Card
ORD0569,2026-02-27 21:55:00,CUST045,Veg Burger,3,75,Boys Hostel,Cash
ORD0570,2026-04-06 20:18:00,CUST007,Maggi,4,40,Boys Hostel,Card
ORD0571,2026-04-10 22:54:00,CUST087,Cold Coffee,2,70,Boys Hostel,Cash
ORD0572,2026-03-25 01:32:00,CUST061,Maggi,1,40,Boys Hostel,Card
ORD0573,2026-01-23 19:14:00,CUST092,Tea,3,15,Main Gate,Cash
ORD0574,2026-04-25 01:54:00,CUST033,Coffee,4,25,Boys Hostel,Cash
ORD0575,2026-02-08 01:37:00,CUST066,Veg Sandwich,1,60,Main Gate,Card
ORD0576,2026-03-24 23:19:00,CUST062,Masala Dosa,1,80,Girls Hostel,Cash
ORD0577,2026-02-05 00:55:00,CUST084,Tea,3,15,Main Gate,UPI
ORD0578,2026-01-20 22:57:00,CUST085,Maggi,4,40,Main Gate,Card
ORD0579,2026-01-18 19:41:00,CUST034,Veg Burger,3,75,Library Area,Cash
ORD0580,2026-02-19 19:37:00,CUST044,Momos,2,70,Boys Hostel,Card
ORD0581,2026-03-10 02:58:00,CUST065,Masala Dosa,3,80,Main Gate,UPI
ORD0582,2026-04-18 21:18:00,CUST017,Veg Sandwich,4,60,Main Gate,Card
ORD0583,2026-04-14 21:43:00,CUST084,Spring Roll,3,90,Girls Hostel,UPI
ORD0584,2026-02-15 22:47:00,CUST054,Pasta,3,110,Main Gate,Cash
ORD0585,2026-02-03 23:29:00,CUST061,Pasta,1,110,Girls Hostel,Card
ORD0586,2026-03-16 20:30:00,CUST065,Spring Roll,2,90,Girls Hostel,Card
ORD0587,2026-02-18 23:26:00,CUST018,Maggi,2,40,Boys Hostel,Cash
ORD0588,2026-02-22 02:09:00,CUST100,Coffee,2,25,Girls Hostel,Cash
ORD0589,2026-02-12 21:20:00,CUST001,Masala Dosa,1,80,Library Area,Cash
ORD0590,2026-01-27 21:36:00,CUST063,Pizza Slice,2,120,Girls Hostel,UPI
ORD0591,2026-03-20 01:40:00,CUST055,French Fries,4,90,Library Area,Cash
ORD0592,2026-01-01 19:34:00,CUST002,Cold Coffee,3,70,Main Gate,Card
ORD0593,2026-01-25 19:43:00,CUST029,Maggi,2,40,Main Gate,Cash
ORD0594,2026-01-17 20:24:00,CUST022,Paneer Roll,3,100,Girls Hostel,UPI
ORD0595,2026-02-08 23:29:00,CUST056,Momos,3,70,Boys Hostel,Cash
ORD0596,2026-04-26 02:22:00,CUST022,Pizza Slice,2,120,Library Area,UPI
ORD0597,2026-01-30 22:46:00,CUST094,Cheese Sandwich,2,80,Girls Hostel,Card
ORD0598,2026-03-06 21:07:00,CUST049,Coffee,1,25,Main Gate,Card
ORD0599,2026-03-21 19:38:00,CUST084,Maggi,1,40,Girls Hostel,UPI
ORD0600,2026-03-30 20:26:00,CUST016,Veg Burger,4,75,Sports Complex,Cash
ORD0601,2026-03-02 21:13:00,CUST039,Momos,1,70,Library Area,Card
ORD0602,2026-01-13 23:39:00,CUST054,Aloo Paratha,2,50,Girls Hostel,Card
ORD0603,2026-04-03 20:18:00,CUST064,Veg Sandwich,1,60,Boys Hostel,Card
ORD0604,2026-01-26 23:53:00,CUST046,Paneer Roll,2,100,Library Area,Cash
ORD0605,2026-01-21 19:35:00,CUST089,Veg Burger,2,75,Library Area,Cash
ORD0606,2026-01-31 19:00:00,CUST117,Masala Dosa,1,80,Girls Hostel,Card
ORD0607,2026-03-27 02:09:00,CUST093,Veg Sandwich,1,60,Girls Hostel,Cash
ORD0608,2026-03-24 22:29:00,CUST060,Tea,3,15,Girls Hostel,UPI
ORD0609,2026-04-15 21:55:00,CUST047,Maggi,3,40,Main Gate,Cash
ORD0610,2026-04-05 20:06:00,CUST002,Pasta,1,110,Boys Hostel,Card
ORD0611,2026-03-24 21:21:00,CUST080,Coffee,4,25,Main Gate,Card
ORD0612,2026-01-12 00:52:00,CUST015,Coffee,2,25,Library Area,Cash
ORD0613,2026-02-28 23:53:00,CUST103,French Fries,4,90,Library Area,Card
ORD0614,2026-04-24 21:07:00,CUST109,Cheese Sandwich,1,80,Boys Hostel,UPI
ORD0615,2026-02-23 02:51:00,CUST024,Aloo Paratha,4,50,Sports Complex,Cash
ORD0616,2026-04-10 00:39:00,CUST062,Maggi,2,40,Library Area,UPI
ORD0617,2026-04-24 01:28:00,CUST034,Maggi,1,40,Main Gate,UPI
ORD0618,2026-04-01 22:42:00,CUST067,Pasta,3,110,Sports Complex,Card
ORD0619,2026-03-31 20:27:00,CUST062,Masala Dosa,2,80,Main Gate,Card
ORD0620,2026-03-28 01:09:00,CUST002,Pasta,1,110,Boys Hostel,Card
ORD0621,2026-04-19 02:54:00,CUST010,Veg Burger,2,75,Library Area,Cash
ORD0622,2026-01-31 00:17:00,CUST071,Maggi,2,40,Library Area,Cash
ORD0623,2026-04-15 22:05:00,CUST103,Veg Burger,4,75,Sports Complex,Cash
ORD0624,2026-01-12 02:28:00,CUST064,Coffee,1,25,Girls Hostel,UPI
ORD0625,2026-02-21 01:02:00,CUST106,Paneer Roll,1,100,Girls Hostel,Card
ORD0626,2026-03-21 23:56:00,CUST084,Paneer Roll,2,100,Library Area,Cash
ORD0627,2026-02-16 19:52:00,CUST043,Cold Coffee,4,70,Sports Complex,Card
ORD0628,2026-03-18 02:45:00,CUST092,Masala Dosa,3,80,Library Area,UPI
ORD0629,2026-01-13 22:00:00,CUST107,Coffee,3,25,Main Gate,Card
ORD0630,2026-03-08 00:44:00,CUST115,Veg Sandwich,1,60,Boys Hostel,Cash
ORD0631,2026-01-18 01:06:00,CUST025,Tea,2,15,Girls Hostel,Cash
ORD0632,2026-01-28 02:52:00,CUST092,Pizza Slice,2,120,Main Gate,UPI
ORD0633,2026-04-07 01:02:00,CUST099,Spring Roll,1,90,Library Area,Cash
ORD0634,2026-03-26 21:31:00,CUST071,Maggi,1,40,Library Area,Card
ORD0635,2026-03-03 21:44:00,CUST094,Aloo Paratha,2,50,Boys Hostel,UPI
ORD0636,2026-02-19 00:32:00,CUST054,Spring Roll,4,90,Sports Complex,Card
ORD0637,2026-04-08 22:17:00,CUST038,French Fries,3,90,Library Area,UPI
ORD0638,2026-01-18 01:38:00,CUST108,Momos,3,70,Sports Complex,Cash
ORD0639,2026-04-02 22:12:00,CUST088,Cold Coffee,3,70,Main Gate,Card
ORD0640,2026-01-17 21:32:00,CUST091,Paneer Roll,3,100,Girls Hostel,Cash
ORD0641,2026-03-13 02:37:00,CUST087,Aloo Paratha,4,50,Sports Complex,Cash
ORD0642,2026-04-23 01:51:00,CUST004,Maggi,1,40,Library Area,UPI
ORD0643,2026-01-07 19:12:00,CUST037,Tea,2,15,Main Gate,UPI
ORD0644,2026-04-18 19:44:00,CUST027,Pizza Slice,3,120,Sports Complex,UPI
ORD0645,2026-02-15 02:06:00,CUST096,Aloo Paratha,2,50,Sports Complex,Cash
ORD0646,2026-01-31 23:44:00,CUST119,Masala Dosa,1,80,Library Area,Cash
ORD0647,2026-02-23 00:35:00,CUST096,Maggi,1,40,Main Gate,UPI
ORD0648,2026-03-21 02:53:00,CUST097,Cold Coffee,3,70,Sports Complex,Card
ORD0649,2026-04-05 22:49:00,CUST038,Momos,2,70,Library Area,UPI
ORD0650,2026-03-29 20:11:00,CUST049,Cheese Sandwich,1,80,Girls Hostel,Cash
ORD0651,2026-02-05 23:08:00,CUST001,Cheese Sandwich,3,80,Main Gate,Cash
ORD0652,2026-04-01 21:02:00,CUST077,Cheese Sandwich,3,80,Girls Hostel,Card
ORD0653,2026-03-20 23:31:00,CUST010,Pizza Slice,3,120,Main Gate,Card
ORD0654,2026-01-29 21:33:00,CUST054,Veg Sandwich,2,60,Sports Complex,Card
ORD0655,2026-02-21 20:22:00,CUST085,Cold Coffee,2,70,Main Gate,Cash
ORD0656,2026-02-16 23:13:00,CUST072,Pizza Slice,4,120,Girls Hostel,UPI
ORD0657,2026-03-27 00:28:00,CUST006,Cold Coffee,2,70,Main Gate,Cash
ORD0658,2026-04-28 20:24:00,CUST004,Tea,3,15,Sports Complex,Cash
ORD0659,2026-03-07 02:31:00,CUST115,Maggi,3,40,Boys Hostel,Cash
ORD0660,2026-03-07 20:06:00,CUST081,Cheese Sandwich,1,80,Girls Hostel,UPI
ORD0661,2026-03-27 22:55:00,CUST107,Masala Dosa,4,80,Girls Hostel,UPI
ORD0662,2026-03-10 01:41:00,CUST096,Pasta,1,110,Boys Hostel,UPI
ORD0663,2026-02-28 00:02:00,CUST007,Veg Sandwich,1,60,Boys Hostel,Cash
ORD0664,2026-03-13 20:36:00,CUST117,Pasta,2,110,Main Gate,Cash
ORD0665,2026-02-19 02:40:00,CUST041,French Fries,4,90,Girls Hostel,Cash
ORD0666,2026-03-28 20:34:00,CUST097,Maggi,1,40,Sports Complex,UPI
ORD0667,2026-03-31 20:22:00,CUST038,Spring Roll,1,90,Main Gate,Card
ORD0668,2026-01-12 23:48:00,CUST049,Spring Roll,4,90,Library Area,Card
ORD0669,2026-01-04 02:10:00,CUST018,Paneer Roll,2,100,Library Area,Card
ORD0670,2026-02-07 21:19:00,CUST002,Masala Dosa,3,80,Sports Complex,Card
ORD0671,2026-01-19 20:02:00,CUST069,Maggi,4,40,Sports Complex,UPI
ORD0672,2026-02-09 22:47:00,CUST028,Momos,3,70,Library Area,Card
ORD0673,2026-04-19 21:10:00,CUST079,Cheese Sandwich,2,80,Main Gate,UPI
ORD0674,2026-01-15 21:42:00,CUST109,Pizza Slice,1,120,Sports Complex,Cash
ORD0675,2026-03-24 20:18:00,CUST033,Masala Dosa,1,80,Girls Hostel,UPI
ORD0676,2026-04-03 02:21:00,CUST086,Coffee,2,25,Boys Hostel,UPI
ORD0677,2026-02-06 20:57:00,CUST063,Cold Coffee,3,70,Library Area,Cash
ORD0678,2026-03-20 23:44:00,CUST073,Aloo Paratha,2,50,Sports Complex,Cash
ORD0679,2026-04-14 00:27:00,CUST041,Cheese Sandwich,1,80,Boys Hostel,UPI
ORD0680,2026-04-02 01:17:00,CUST018,Pasta,3,110,Main Gate,Cash
ORD0681,2026-03-01 02:22:00,CUST063,Pizza Slice,3,120,Sports Complex,UPI
ORD0682,2026-01-23 20:53:00,CUST115,Tea,2,15,Sports Complex,UPI
ORD0683,2026-02-03 20:46:00,CUST109,Veg Sandwich,1,60,Sports Complex,Card
ORD0684,2026-01-04 01:49:00,CUST117,Aloo Paratha,2,50,Girls Hostel,Card
ORD0685,2026-02-03 02:41:00,CUST047,Pizza Slice,2,120,Library Area,UPI
ORD0686,2026-04-25 23:08:00,CUST051,Veg Burger,1,75,Main Gate,Card
ORD0687,2026-01-02 22:54:00,CUST097,Pizza Slice,2,120,Sports Complex,UPI
ORD0688,2026-02-27 21:11:00,CUST095,Aloo Paratha,2,50,Library Area,Cash
ORD0689,2026-01-06 22:48:00,CUST009,Veg Burger,2,75,Main Gate,Cash
ORD0690,2026-01-30 19:42:00,CUST050,Cold Coffee,3,70,Library Area,Cash
ORD0691,2026-04-23 19:02:00,CUST014,Masala Dosa,3,80,Sports Complex,Card
ORD0692,2026-04-17 23:53:00,CUST075,Momos,3,70,Sports Complex,Card
ORD0693,2026-01-23 01:41:00,CUST076,French Fries,3,90,Girls Hostel,Card
ORD0694,2026-02-02 01:58:00,CUST046,Cold Coffee,4,70,Main Gate,Cash
ORD0695,2026-04-12 02:56:00,CUST065,Aloo Paratha,1,50,Boys Hostel,Cash
ORD0696,2026-01-22 22:04:00,CUST028,Paneer Roll,3,100,Boys Hostel,UPI
ORD0697,2026-01-21 00:38:00,CUST085,Momos,1,70,Boys Hostel,Cash
ORD0698,2026-04-14 00:46:00,CUST087,Veg Sandwich,4,60,Library Area,Cash
ORD0699,2026-01-27 21:41:00,CUST003,Pasta,4,110,Boys Hostel,UPI
ORD0700,2026-01-17 21:08:00,CUST115,Masala Dosa,1,80,Sports Complex,UPI
ORD0701,2026-01-08 21:16:00,CUST067,Spring Roll,2,90,Library Area,Card
ORD0702,2026-03-14 19:56:00,CUST011,Momos,3,70,Boys Hostel,Cash
ORD0703,2026-03-19 02:55:00,CUST029,Veg Burger,2,75,Library Area,Card
ORD0704,2026-01-19 21:39:00,CUST022,Masala Dosa,3,80,Main Gate,Cash
ORD0705,2026-03-18 20:14:00,CUST017,French Fries,4,90,Girls Hostel,UPI
ORD0706,2026-01-26 01:52:00,CUST023,Cheese Sandwich,1,80,Library Area,Card
ORD0707,2026-03-18 19:56:00,CUST012,Pizza Slice,1,120,Library Area,Card
ORD0708,2026-01-17 19:57:00,CUST067,Pizza Slice,4,120,Library Area,Cash
ORD0709,2026-04-22 19:44:00,CUST030,Paneer Roll,4,100,Library Area,Cash
ORD0710,2026-02-14 20:27:00,CUST062,Cheese Sandwich,3,80,Boys Hostel,UPI
ORD0711,2026-02-06 01:16:00,CUST091,Cold Coffee,1,70,Girls Hostel,Card
ORD0712,2026-03-08 20:33:00,CUST084,Maggi,4,40,Boys Hostel,Card
ORD0713,2026-04-13 00:26:00,CUST020,Coffee,1,25,Library Area,Card
ORD0714,2026-03-16 23:16:00,CUST073,Pasta,4,110,Main Gate,Card
ORD0715,2026-02-05 01:48:00,CUST071,Cold Coffee,4,70,Sports Complex,Cash
ORD0716,2026-01-23 00:35:00,CUST033,Paneer Roll,4,100,Main Gate,Card
ORD0717,2026-02-14 01:47:00,CUST096,Cheese Sandwich,1,80,Boys Hostel,Cash
ORD0718,2026-04-11 21:06:00,CUST101,Cold Coffee,4,70,Main Gate,Card
ORD0719,2026-03-20 19:10:00,CUST103,French Fries,1,90,Girls Hostel,UPI
ORD0720,2026-03-02 01:05:00,CUST029,Veg Sandwich,3,60,Main Gate,UPI
ORD0721,2026-03-19 19:46:00,CUST079,French Fries,4,90,Sports Complex,Cash
ORD0722,2026-04-02 19:49:00,CUST082,Pasta,2,110,Library Area,Cash
ORD0723,2026-01-02 22:54:00,CUST025,Masala Dosa,3,80,Girls Hostel,Card
ORD0724,2026-03-07 22:39:00,CUST047,Cheese Sandwich,1,80,Boys Hostel,Card
ORD0725,2026-01-01 21:05:00,CUST046,Tea,4,15,Library Area,Cash
ORD0726,2026-03-17 22:33:00,CUST118,Maggi,1,40,Girls Hostel,Card
ORD0727,2026-02-06 00:22:00,CUST029,Pasta,3,110,Sports Complex,UPI
ORD0728,2026-02-28 01:36:00,CUST023,Maggi,3,40,Library Area,Card
ORD0729,2026-01-14 20:32:00,CUST015,Tea,3,15,Sports Complex,Cash
ORD0730,2026-04-23 23:44:00,CUST073,Veg Burger,4,75,Library Area,UPI
ORD0731,2026-04-07 00:49:00,CUST115,Veg Burger,4,75,Sports Complex,UPI
ORD0732,2026-03-03 20:16:00,CUST082,Veg Sandwich,4,60,Boys Hostel,Card
ORD0733,2026-03-31 22:51:00,CUST046,Coffee,4,25,Sports Complex,Card
ORD0734,2026-01-02 23:15:00,CUST052,Tea,1,15,Main Gate,UPI
ORD0735,2026-03-12 21:30:00,CUST028,Coffee,3,25,Sports Complex,Cash
ORD0736,2026-01-24 22:31:00,CUST031,Momos,2,70,Boys Hostel,Cash
ORD0737,2026-01-27 22:12:00,CUST108,Pasta,2,110,Sports Complex,Cash
ORD0738,2026-01-20 20:07:00,CUST087,Spring Roll,1,90,Library Area,Card
ORD0739,2026-01-01 19:54:00,CUST080,Veg Burger,3,75,Main Gate,Cash
ORD0740,2026-04-25 23:31:00,CUST051,Cheese Sandwich,3,80,Boys Hostel,Card
ORD0741,2026-01-17 19:33:00,CUST062,Pizza Slice,4,120,Sports Complex,UPI
ORD0742,2026-03-06 00:25:00,CUST059,Pasta,2,110,Girls Hostel,Card
ORD0743,2026-03-08 02:20:00,CUST002,Momos,1,70,Boys Hostel,Cash
ORD0744,2026-03-16 20:20:00,CUST024,Coffee,3,25,Sports Complex,Cash
ORD0745,2026-01-31 23:30:00,CUST047,Aloo Paratha,3,50,Boys Hostel,Cash
ORD0746,2026-02-24 22:26:00,CUST047,Momos,3,70,Library Area,Cash
ORD0747,2026-02-27 21:36:00,CUST105,Cheese Sandwich,2,80,Girls Hostel,Card
ORD0748,2026-02-04 22:35:00,CUST026,French Fries,4,90,Boys Hostel,Card
ORD0749,2026-01-20 02:51:00,CUST054,Maggi,2,40,Library Area,UPI
ORD0750,2026-04-25 00:50:00,CUST033,Veg Burger,3,75,Sports Complex,Card
ORD0751,2026-01-07 01:06:00,CUST008,Momos,2,70,Boys Hostel,Cash
ORD0752,2026-03-02 20:28:00,CUST034,Momos,3,70,Main Gate,Cash
ORD0753,2026-03-13 23:22:00,CUST016,Maggi,4,40,Main Gate,Card
ORD0754,2026-03-19 22:36:00,CUST100,Aloo Paratha,2,50,Main Gate,Cash
ORD0755,2026-02-11 02:49:00,CUST114,Momos,4,70,Girls Hostel,Cash
ORD0756,2026-03-20 23:29:00,CUST112,Masala Dosa,2,80,Boys Hostel,Card
ORD0757,2026-04-14 00:26:00,CUST109,Masala Dosa,4,80,Girls Hostel,UPI
ORD0758,2026-01-21 00:14:00,CUST084,Coffee,3,25,Main Gate,Card
ORD0759,2026-02-04 01:17:00,CUST100,Spring Roll,4,90,Main Gate,Card
ORD0760,2026-03-17 02:26:00,CUST110,Cheese Sandwich,2,80,Girls Hostel,UPI
ORD0761,2026-04-04 22:42:00,CUST027,Tea,1,15,Boys Hostel,Cash
ORD0762,2026-01-14 20:04:00,CUST071,Spring Roll,4,90,Girls Hostel,UPI
ORD0763,2026-04-09 01:33:00,CUST014,Pizza Slice,1,120,Main Gate,Card
ORD0764,2026-01-20 20:41:00,CUST040,Spring Roll,4,90,Boys Hostel,UPI
ORD0765,2026-04-05 23:28:00,CUST017,Masala Dosa,2,80,Sports Complex,UPI
ORD0766,2026-01-04 19:42:00,CUST111,Coffee,3,25,Library Area,Cash
ORD0767,2026-04-22 23:35:00,CUST090,Veg Burger,2,75,Sports Complex,UPI
ORD0768,2026-03-17 02:40:00,CUST068,Momos,4,70,Sports Complex,Cash
ORD0769,2026-04-27 00:30:00,CUST104,Paneer Roll,2,100,Girls Hostel,Cash
ORD0770,2026-02-09 00:26:00,CUST039,Tea,2,15,Girls Hostel,UPI
ORD0771,2026-03-08 21:22:00,CUST069,Tea,4,15,Girls Hostel,Card
ORD0772,2026-04-29 02:48:00,CUST002,Veg Burger,3,75,Library Area,Cash
ORD0773,2026-03-18 22:50:00,CUST025,Maggi,3,40,Library Area,Card
ORD0774,2026-02-25 01:15:00,CUST107,Cheese Sandwich,4,80,Library Area,UPI
ORD0775,2026-02-03 20:27:00,CUST067,Masala Dosa,2,80,Sports Complex,Card
ORD0776,2026-03-29 23:18:00,CUST053,Masala Dosa,3,80,Boys Hostel,UPI
ORD0777,2026-01-24 21:18:00,CUST080,Veg Sandwich,4,60,Library Area,Cash
ORD0778,2026-03-31 02:12:00,CUST020,Coffee,1,25,Girls Hostel,Card
ORD0779,2026-01-03 21:06:00,CUST017,Tea,3,15,Library Area,Card
ORD0780,2026-01-02 22:05:00,CUST064,Cheese Sandwich,1,80,Boys Hostel,Cash
ORD0781,2026-02-23 23:50:00,CUST048,Pizza Slice,4,120,Library Area,Card
ORD0782,2026-04-12 19:21:00,CUST008,Veg Sandwich,2,60,Main Gate,Cash
ORD0783,2026-01-10 02:11:00,CUST105,Cold Coffee,3,70,Library Area,UPI
ORD0784,2026-01-16 22:24:00,CUST032,Pizza Slice,4,120,Girls Hostel,UPI
ORD0785,2026-02-28 20:33:00,CUST061,Masala Dosa,2,80,Library Area,Card
ORD0786,2026-02-09 00:10:00,CUST096,Masala Dosa,1,80,Sports Complex,Card
ORD0787,2026-01-16 23:30:00,CUST026,Masala Dosa,3,80,Main Gate,UPI
ORD0788,2026-04-21 22:07:00,CUST042,Cold Coffee,4,70,Girls Hostel,UPI
ORD0789,2026-04-12 23:37:00,CUST102,Veg Sandwich,4,60,Boys Hostel,UPI
ORD0790,2026-01-06 02:44:00,CUST048,Aloo Paratha,2,50,Girls Hostel,UPI
ORD0791,2026-01-21 02:05:00,CUST120,Masala Dosa,3,80,Girls Hostel,UPI
ORD0792,2026-02-15 21:44:00,CUST017,Paneer Roll,1,100,Library Area,UPI
ORD0793,2026-02-10 00:51:00,CUST094,Spring Roll,4,90,Boys Hostel,UPI
ORD0794,2026-03-30 01:22:00,CUST033,Momos,2,70,Girls Hostel,Cash
ORD0795,2026-04-01 02:35:00,CUST025,Tea,4,15,Sports Complex,UPI
ORD0796,2026-03-11 00:20:00,CUST036,Momos,4,70,Sports Complex,Card
ORD0797,2026-01-21 20:33:00,CUST038,Cheese Sandwich,4,80,Main Gate,Card
ORD0798,2026-02-16 02:00:00,CUST094,Pizza Slice,4,120,Boys Hostel,UPI
ORD0799,2026-03-21 00:49:00,CUST042,Aloo Paratha,2,50,Girls Hostel,Card
ORD0800,2026-03-10 01:12:00,CUST099,Paneer Roll,4,100,Sports Complex,UPI
ORD0801,2026-03-20 23:20:00,CUST015,French Fries,3,90,Girls Hostel,Card
ORD0802,2026-03-26 20:02:00,CUST023,Pasta,2,110,Girls Hostel,UPI
ORD0803,2026-01-14 02:12:00,CUST074,Veg Sandwich,1,60,Library Area,Card
ORD0804,2026-03-04 23:03:00,CUST078,Coffee,2,25,Girls Hostel,UPI
ORD0805,2026-04-30 22:41:00,CUST060,Veg Burger,1,75,Girls Hostel,Cash
ORD0806,2026-03-13 01:52:00,CUST106,Coffee,1,25,Sports Complex,Cash
ORD0807,2026-03-09 19:46:00,CUST010,Veg Sandwich,3,60,Boys Hostel,Card
ORD0808,2026-01-13 20:46:00,CUST025,Cold Coffee,4,70,Boys Hostel,Card
ORD0809,2026-03-26 22:36:00,CUST072,Masala Dosa,2,80,Sports Complex,Cash
ORD0810,2026-04-06 20:49:00,CUST087,Masala Dosa,3,80,Library Area,Card
ORD0811,2026-03-27 01:56:00,CUST102,Veg Sandwich,2,60,Boys Hostel,Card
ORD0812,2026-02-21 00:42:00,CUST120,Cheese Sandwich,4,80,Main Gate,Cash
ORD0813,2026-03-12 00:54:00,CUST098,Coffee,4,25,Library Area,Card
ORD0814,2026-02-11 22:36:00,CUST049,Paneer Roll,2,100,Sports Complex,Card
ORD0815,2026-02-02 00:28:00,CUST001,Veg Burger,4,75,Girls Hostel,Cash
ORD0816,2026-03-18 19:33:00,CUST001,Cheese Sandwich,3,80,Main Gate,UPI
ORD0817,2026-01-28 00:01:00,CUST118,Pizza Slice,3,120,Sports Complex,Card
ORD0818,2026-03-13 21:06:00,CUST046,Maggi,4,40,Boys Hostel,UPI
ORD0819,2026-02-03 00:56:00,CUST030,Aloo Paratha,2,50,Main Gate,Cash
ORD0820,2026-01-12 01:36:00,CUST094,Spring Roll,2,90,Girls Hostel,Card
ORD0821,2026-02-11 02:11:00,CUST077,Veg Burger,1,75,Main Gate,UPI
ORD0822,2026-04-04 01:05:00,CUST118,Pizza Slice,1,120,Main Gate,Cash
ORD0823,2026-04-23 01:26:00,CUST112,Spring Roll,1,90,Boys Hostel,Card
ORD0824,2026-03-25 19:40:00,CUST007,Pizza Slice,4,120,Main Gate,Card
ORD0825,2026-01-06 00:34:00,CUST042,Aloo Paratha,2,50,Sports Complex,Card
ORD0826,2026-01-29 21:03:00,CUST058,Masala Dosa,4,80,Sports Complex,Card
ORD0827,2026-03-06 20:14:00,CUST101,French Fries,3,90,Library Area,UPI
ORD0828,2026-01-17 00:05:00,CUST071,Veg Burger,1,75,Library Area,Cash
ORD0829,2026-01-11 01:32:00,CUST098,French Fries,2,90,Boys Hostel,Cash
ORD0830,2026-03-13 22:31:00,CUST072,French Fries,2,90,Sports Complex,Card
ORD0831,2026-03-09 22:15:00,CUST100,Veg Sandwich,3,60,Library Area,Cash
ORD0832,2026-03-29 20:07:00,CUST055,Masala Dosa,4,80,Main Gate,Cash
ORD0833,2026-01-25 00:22:00,CUST099,Aloo Paratha,1,50,Main Gate,UPI
ORD0834,2026-02-14 02:39:00,CUST006,Cheese Sandwich,4,80,Boys Hostel,UPI
ORD0835,2026-03-29 00:09:00,CUST015,Pizza Slice,1,120,Girls Hostel,UPI
ORD0836,2026-03-21 21:55:00,CUST002,Pasta,3,110,Main Gate,Card
ORD0837,2026-04-13 20:19:00,CUST003,Veg Burger,4,75,Main Gate,UPI
ORD0838,2026-04-05 22:13:00,CUST071,Paneer Roll,3,100,Library Area,Card
ORD0839,2026-04-04 21:44:00,CUST049,Momos,1,70,Sports Complex,Card
ORD0840,2026-03-09 19:16:00,CUST037,Cheese Sandwich,1,80,Boys Hostel,Card
ORD0841,2026-03-21 23:03:00,CUST009,Veg Burger,1,75,Library Area,Card
ORD0842,2026-02-04 00:55:00,CUST038,Veg Sandwich,1,60,Library Area,UPI
ORD0843,2026-02-18 20:57:00,CUST111,Coffee,4,25,Sports Complex,Card
ORD0844,2026-01-12 21:12:00,CUST072,Paneer Roll,4,100,Girls Hostel,UPI
ORD0845,2026-02-01 23:21:00,CUST096,Veg Burger,4,75,Boys Hostel,UPI
ORD0846,2026-02-14 00:22:00,CUST031,Masala Dosa,3,80,Sports Complex,Cash
ORD0847,2026-04-14 19:40:00,CUST114,Tea,4,15,Girls Hostel,Card
ORD0848,2026-02-05 22:09:00,CUST085,Coffee,4,25,Boys Hostel,UPI
ORD0849,2026-04-04 01:33:00,CUST054,Masala Dosa,2,80,Boys Hostel,Card
ORD0850,2026-01-20 01:19:00,CUST058,Spring Roll,3,90,Sports Complex,UPI
ORD0851,2026-01-27 21:37:00,CUST111,Paneer Roll,2,100,Boys Hostel,Cash
ORD0852,2026-03-30 21:27:00,CUST084,Spring Roll,2,90,Sports Complex,UPI
ORD0853,2026-02-10 20:35:00,CUST024,Paneer Roll,1,100,Main Gate,UPI
ORD0854,2026-04-04 19:48:00,CUST053,Coffee,4,25,Main Gate,Cash
ORD0855,2026-04-06 23:09:00,CUST014,Pizza Slice,2,120,Boys Hostel,UPI
ORD0856,2026-01-04 23:38:00,CUST077,Aloo Paratha,2,50,Boys Hostel,UPI
ORD0857,2026-03-29 19:22:00,CUST018,Veg Sandwich,4,60,Sports Complex,Card
ORD0858,2026-03-02 00:11:00,CUST063,Pasta,4,110,Library Area,UPI
ORD0859,2026-01-21 22:14:00,CUST098,Maggi,4,40,Girls Hostel,Cash
ORD0860,2026-02-22 22:47:00,CUST097,Masala Dosa,2,80,Boys Hostel,UPI
ORD0861,2026-01-23 02:55:00,CUST089,Aloo Paratha,4,50,Main Gate,Cash
ORD0862,2026-04-24 22:27:00,CUST078,French Fries,1,90,Library Area,Card
ORD0863,2026-02-10 01:39:00,CUST067,Momos,1,70,Girls Hostel,Cash
ORD0864,2026-02-28 19:56:00,CUST095,Cold Coffee,4,70,Girls Hostel,Card
ORD0865,2026-02-19 19:12:00,CUST051,Tea,4,15,Main Gate,Cash
ORD0866,2026-03-01 21:27:00,CUST089,Tea,1,15,Sports Complex,UPI
ORD0867,2026-03-01 02:05:00,CUST024,Momos,1,70,Sports Complex,Card
ORD0868,2026-03-11 21:25:00,CUST058,French Fries,3,90,Girls Hostel,UPI
ORD0869,2026-02-28 22:56:00,CUST033,Veg Burger,1,75,Main Gate,Card
ORD0870,2026-03-25 21:45:00,CUST012,Momos,1,70,Girls Hostel,Card
ORD0871,2026-02-27 00:05:00,CUST094,Paneer Roll,4,100,Sports Complex,Card
ORD0872,2026-01-21 01:35:00,CUST099,French Fries,1,90,Boys Hostel,Cash
ORD0873,2026-03-14 21:10:00,CUST023,Pasta,2,110,Girls Hostel,Cash
ORD0874,2026-02-09 23:46:00,CUST037,Pizza Slice,4,120,Boys Hostel,UPI
ORD0875,2026-04-26 21:12:00,CUST002,Maggi,3,40,Library Area,Cash
ORD0876,2026-04-20 02:34:00,CUST078,Pizza Slice,1,120,Library Area,UPI
ORD0877,2026-01-28 02:29:00,CUST011,French Fries,4,90,Sports Complex,Card
ORD0878,2026-01-01 22:56:00,CUST080,Paneer Roll,3,100,Sports Complex,UPI
ORD0879,2026-01-07 21:09:00,CUST005,Maggi,3,40,Boys Hostel,UPI
ORD0880,2026-03-27 23:21:00,CUST007,Spring Roll,1,90,Girls Hostel,Cash
ORD0881,2026-01-23 21:43:00,CUST059,Tea,2,15,Sports Complex,Cash
ORD0882,2026-04-30 19:05:00,CUST042,Pizza Slice,3,120,Main Gate,Cash
ORD0883,2026-04-15 20:48:00,CUST038,French Fries,1,90,Library Area,UPI
ORD0884,2026-01-16 23:21:00,CUST068,Paneer Roll,4,100,Boys Hostel,Card
ORD0885,2026-01-27 19:06:00,CUST062,Aloo Paratha,1,50,Sports Complex,Card
ORD0886,2026-02-06 01:38:00,CUST034,Pasta,3,110,Sports Complex,Card
ORD0887,2026-03-21 00:59:00,CUST067,Cheese Sandwich,4,80,Library Area,Cash
ORD0888,2026-04-14 21:56:00,CUST091,Aloo Paratha,2,50,Main Gate,UPI
ORD0889,2026-01-01 20:01:00,CUST095,Veg Burger,1,75,Boys Hostel,Card
ORD0890,2026-02-23 01:02:00,CUST072,Coffee,3,25,Boys Hostel,UPI
ORD0891,2026-03-23 22:44:00,CUST102,Tea,3,15,Girls Hostel,Cash
ORD0892,2026-02-08 00:49:00,CUST088,Maggi,1,40,Main Gate,Cash
ORD0893,2026-02-20 19:53:00,CUST043,Cheese Sandwich,2,80,Main Gate,Card
ORD0894,2026-03-03 02:51:00,CUST062,Maggi,2,40,Boys Hostel,Card
ORD0895,2026-02-28 00:29:00,CUST119,Pizza Slice,4,120,Girls Hostel,Card
ORD0896,2026-02-08 00:35:00,CUST027,Paneer Roll,1,100,Sports Complex,Card
ORD0897,2026-02-12 00:04:00,CUST108,Cheese Sandwich,3,80,Girls Hostel,Cash
ORD0898,2026-02-18 21:36:00,CUST024,Aloo Paratha,4,50,Sports Complex,UPI
ORD0899,2026-04-21 23:45:00,CUST091,Pasta,3,110,Girls Hostel,Cash
ORD0900,2026-02-22 20:31:00,CUST048,Spring Roll,2,90,Library Area,Cash
ORD0901,2026-01-28 23:11:00,CUST101,Veg Sandwich,3,60,Girls Hostel,UPI
ORD0902,2026-04-27 20:28:00,CUST103,Paneer Roll,1,100,Library Area,Card
ORD0903,2026-01-20 22:21:00,CUST094,Spring Roll,4,90,Sports Complex,Cash
ORD0904,2026-04-10 00:09:00,CUST106,Pizza Slice,1,120,Sports Complex,Card
ORD0905,2026-01-17 22:46:00,CUST050,Maggi,4,40,Sports Complex,UPI
ORD0906,2026-01-01 23:59:00,CUST043,Maggi,1,40,Library Area,UPI
ORD0907,2026-01-14 23:01:00,CUST082,Aloo Paratha,3,50,Boys Hostel,Cash
ORD0908,2026-01-26 22:18:00,CUST099,Tea,3,15,Library Area,Card
ORD0909,2026-01-16 23:09:00,CUST015,Cheese Sandwich,3,80,Girls Hostel,Card
ORD0910,2026-03-13 20:13:00,CUST071,Paneer Roll,3,100,Main Gate,Cash
ORD0911,2026-01-19 23:36:00,CUST010,Cold Coffee,2,70,Main Gate,Card
ORD0912,2026-04-25 00:34:00,CUST017,Veg Burger,1,75,Girls Hostel,Cash
ORD0913,2026-04-26 19:06:00,CUST012,French Fries,1,90,Library Area,Cash
ORD0914,2026-01-23 02:39:00,CUST043,Coffee,3,25,Boys Hostel,Card
ORD0915,2026-04-08 20:59:00,CUST073,Pizza Slice,4,120,Boys Hostel,UPI
ORD0916,2026-04-15 02:06:00,CUST088,Veg Burger,3,75,Library Area,Cash
ORD0917,2026-01-30 22:09:00,CUST117,Pasta,3,110,Main Gate,Cash
ORD0918,2026-01-24 00:50:00,CUST059,Pasta,3,110,Library Area,UPI
ORD0919,2026-01-09 02:07:00,CUST060,Coffee,4,25,Boys Hostel,Cash
ORD0920,2026-04-09 00:38:00,CUST066,Aloo Paratha,2,50,Girls Hostel,Cash
ORD0921,2026-04-15 20:20:00,CUST102,Paneer Roll,1,100,Main Gate,Card
ORD0922,2026-03-01 01:37:00,CUST080,French Fries,2,90,Boys Hostel,Card
ORD0923,2026-01-21 02:24:00,CUST027,Veg Sandwich,3,60,Sports Complex,Cash
ORD0924,2026-04-11 01:36:00,CUST070,Pizza Slice,3,120,Boys Hostel,UPI
ORD0925,2026-03-26 20:47:00,CUST015,Spring Roll,4,90,Sports Complex,Card
ORD0926,2026-03-01 00:35:00,CUST023,Veg Sandwich,4,60,Main Gate,Cash
ORD0927,2026-01-09 20:43:00,CUST042,Pasta,4,110,Library Area,Card
ORD0928,2026-03-26 19:05:00,CUST114,Cold Coffee,2,70,Sports Complex,Card
ORD0929,2026-04-14 19:48:00,CUST058,Cheese Sandwich,2,80,Sports Complex,Cash
ORD0930,2026-02-19 02:12:00,CUST039,Cold Coffee,3,70,Sports Complex,Card
ORD0931,2026-02-08 01:45:00,CUST012,Spring Roll,3,90,Sports Complex,UPI
ORD0932,2026-03-20 01:54:00,CUST008,Cheese Sandwich,3,80,Main Gate,Card
ORD0933,2026-01-07 19:45:00,CUST015,Paneer Roll,3,100,Main Gate,UPI
ORD0934,2026-01-31 01:44:00,CUST081,Aloo Paratha,4,50,Main Gate,Card
ORD0935,2026-02-18 01:24:00,CUST085,French Fries,2,90,Boys Hostel,Cash
ORD0936,2026-01-18 22:35:00,CUST108,French Fries,3,90,Library Area,UPI
ORD0937,2026-02-06 21:08:00,CUST083,Maggi,1,40,Girls Hostel,UPI
ORD0938,2026-04-03 02:42:00,CUST011,French Fries,2,90,Boys Hostel,Card
ORD0939,2026-04-14 01:55:00,CUST080,Veg Burger,4,75,Boys Hostel,Cash
ORD0940,2026-03-07 01:35:00,CUST050,Pasta,4,110,Main Gate,UPI
ORD0941,2026-01-24 01:38:00,CUST109,Maggi,4,40,Boys Hostel,Card
ORD0942,2026-03-06 23:26:00,CUST005,Spring Roll,3,90,Girls Hostel,Card
ORD0943,2026-03-03 00:07:00,CUST089,Aloo Paratha,4,50,Girls Hostel,UPI
ORD0944,2026-04-04 23:29:00,CUST067,Paneer Roll,1,100,Sports Complex,UPI
ORD0945,2026-02-01 02:40:00,CUST088,Momos,1,70,Sports Complex,Card
ORD0946,2026-02-09 19:57:00,CUST061,Coffee,1,25,Library Area,Card
ORD0947,2026-04-26 02:36:00,CUST054,Momos,3,70,Main Gate,Cash
ORD0948,2026-02-07 21:02:00,CUST094,Momos,3,70,Sports Complex,Cash
ORD0949,2026-01-08 02:37:00,CUST085,Cheese Sandwich,1,80,Main Gate,Card
ORD0950,2026-03-21 19:18:00,CUST017,Veg Burger,1,75,Sports Complex,UPI
ORD0951,2026-04-19 23:16:00,CUST036,Cheese Sandwich,3,80,Main Gate,UPI
ORD0952,2026-04-05 20:38:00,CUST085,Cheese Sandwich,2,80,Library Area,Cash
ORD0953,2026-04-14 21:16:00,CUST063,Pizza Slice,2,120,Boys Hostel,Card
ORD0954,2026-04-21 19:21:00,CUST077,Veg Sandwich,2,60,Boys Hostel,Cash
ORD0955,2026-04-07 01:49:00,CUST085,French Fries,2,90,Library Area,Card
ORD0956,2026-03-23 21:13:00,CUST007,Aloo Paratha,3,50,Main Gate,UPI
ORD0957,2026-01-07 21:29:00,CUST039,French Fries,4,90,Library Area,Card
ORD0958,2026-04-07 22:24:00,CUST061,Masala Dosa,4,80,Main Gate,UPI
ORD0959,2026-03-09 01:00:00,CUST049,Tea,4,15,Main Gate,Card
ORD0960,2026-03-29 19:06:00,CUST109,Spring Roll,3,90,Library Area,Card
ORD0961,2026-04-28 23:21:00,CUST103,Tea,3,15,Girls Hostel,Cash
ORD0962,2026-03-25 01:29:00,CUST094,Pizza Slice,2,120,Sports Complex,UPI
ORD0963,2026-03-08 00:43:00,CUST041,Momos,2,70,Sports Complex,UPI
ORD0964,2026-03-28 19:53:00,CUST053,Veg Sandwich,1,60,Girls Hostel,Card
ORD0965,2026-01-14 02:22:00,CUST033,Cold Coffee,3,70,Boys Hostel,UPI
ORD0966,2026-01-04 20:03:00,CUST077,Aloo Paratha,2,50,Girls Hostel,Card
ORD0967,2026-01-16 20:54:00,CUST049,Aloo Paratha,2,50,Sports Complex,UPI
ORD0968,2026-04-25 20:44:00,CUST038,Cheese Sandwich,3,80,Library Area,Card
ORD0969,2026-04-30 20:40:00,CUST099,Veg Burger,3,75,Library Area,Card
ORD0970,2026-04-26 00:16:00,CUST036,Cheese Sandwich,1,80,Girls Hostel,Cash
ORD0971,2026-02-19 00:03:00,CUST023,Tea,3,15,Library Area,UPI
ORD0972,2026-03-04 22:39:00,CUST083,French Fries,2,90,Library Area,UPI
ORD0973,2026-01-19 01:13:00,CUST117,Aloo Paratha,1,50,Library Area,Card
ORD0974,2026-02-03 20:02:00,CUST074,Veg Sandwich,1,60,Main Gate,Cash
ORD0975,2026-01-03 02:09:00,CUST120,Masala Dosa,1,80,Girls Hostel,Card
ORD0976,2026-02-19 23:09:00,CUST116,Momos,3,70,Library Area,Card
ORD0977,2026-01-01 02:30:00,CUST109,French Fries,4,90,Girls Hostel,Card
ORD0978,2026-01-29 19:24:00,CUST016,Momos,4,70,Sports Complex,Card
ORD0979,2026-04-30 00:21:00,CUST052,Masala Dosa,3,80,Girls Hostel,Card
ORD0980,2026-03-24 20:23:00,CUST011,Paneer Roll,3,100,Library Area,Cash
ORD0981,2026-03-24 22:11:00,CUST050,Paneer Roll,1,100,Boys Hostel,Cash
ORD0982,2026-03-31 01:57:00,CUST063,Veg Sandwich,3,60,Girls Hostel,Card
ORD0983,2026-02-26 22:08:00,CUST004,Maggi,2,40,Sports Complex,UPI
ORD0984,2026-03-04 01:04:00,CUST064,Pizza Slice,3,120,Sports Complex,Cash
ORD0985,2026-01-03 19:21:00,CUST101,Maggi,3,40,Girls Hostel,Cash
ORD0986,2026-01-16 22:51:00,CUST087,Masala Dosa,4,80,Sports Complex,UPI
ORD0987,2026-04-05 22:59:00,CUST095,Veg Sandwich,1,60,Boys Hostel,Cash
ORD0988,2026-03-25 19:30:00,CUST032,Spring Roll,1,90,Boys Hostel,UPI
ORD0989,2026-01-23 19:57:00,CUST059,Tea,1,15,Sports Complex,UPI
ORD0990,2026-04-17 20:52:00,CUST015,Pasta,1,110,Library Area,Card
ORD0991,2026-04-13 22:04:00,CUST055,Pizza Slice,2,120,Main Gate,Card
ORD0992,2026-03-28 01:20:00,CUST042,Veg Sandwich,2,60,Boys Hostel,UPI
ORD0993,2026-03-17 21:21:00,CUST036,Veg Sandwich,1,60,Boys Hostel,Cash
ORD0994,2026-01-22 00:35:00,CUST032,Cheese Sandwich,4,80,Sports Complex,UPI
ORD0995,2026-01-18 20:50:00,CUST100,Pasta,4,110,Boys Hostel,UPI
ORD0996,2026-04-23 02:05:00,CUST023,Maggi,1,40,Girls Hostel,Card
ORD0997,2026-03-25 23:26:00,CUST089,Momos,4,70,Boys Hostel,UPI
ORD0998,2026-01-19 23:33:00,CUST031,Veg Burger,4,75,Boys Hostel,Card
ORD0999,2026-03-30 19:38:00,CUST079,Cheese Sandwich,4,80,Girls Hostel,Card
ORD1000,2026-04-16 23:22:00,CUST072,French Fries,1,90,Boys Hostel,UPI
